Timestamp,Age,Gender,Country,state,self_employed,family_history,treatment,work_interfere,no_employees,remote_work,tech_company,benefits,care_options,wellness_program,seek_help,anonymity,leave,mental_health_consequence,phys_health_consequence,coworkers,supervisor,mental_health_interview,phys_health_interview,mental_vs_physical,obs_consequence,comments
2014-04-13,21,Female,Germany,Not applicable,No,Yes,No,Sometimes,1-5,No,No,Yes,No,No,Yes,No,Very difficult,Don't know,Yes,No,Some of them,No,Maybe,No,Yes,
2014-12-15,35,Male,Canada,Not applicable,No,Yes,No,Never,26-100,Yes,Yes,No,No,Don't know,No,Don't know,Somewhat difficult,No,No,No,Yes,No,No,Don't know,Yes,
2014-09-28,18,Male,India,Not applicable,No,Yes,Yes,Never,1000+,No,No,No,No,Yes,Yes,Don't know,Somewhat difficult,Yes,Yes,No,No,Yes,No,No,No,
2014-04-17,45,Male,Germany,Not applicable,No,Yes,No,Sometimes,500-1000,No,Yes,Yes,No,No,Yes,No,Very easy,Yes,No,Some of them,Some of them,Maybe,Yes,Yes,No,
2014-03-13,18,Male,Netherlands,Not applicable,No,No,Yes,Never,100-500,No,Yes,Yes,Yes,Don't know,Yes,Don't know,Very easy,Yes,No,No,No,Maybe,Yes,No,Yes,
2014-07-08,30,Male,France,Not applicable,No,No,Yes,Often,26-100,Yes,Yes,Yes,Don't know,No,Yes,No,Somewhat difficult,No,Yes,No,No,Maybe,Yes,Yes,Yes,
2014-01-21,55,Female,United States,New York,No,No,Yes,Sometimes,1000+,No,No,Yes,No,No,No,Don't know,Somewhat easy,Don't know,No,Yes,Yes,No,Yes,No,Yes,
2014-04-13,18,Male,United States,Pennsylvania,No,No,No,Often,26-100,No,Yes,Yes,Yes,No,Don't know,No,Very difficult,Yes,Yes,Some of them,No,Yes,No,No,Yes,
2014-05-02,30,Male,United States,New York,No,Yes,No,Never,26-100,Yes,Yes,Don't know,No,Don't know,No,Yes,Somewhat difficult,Yes,Yes,Some of them,No,No,No,Yes,Yes,
2014-08-03,40,Female,United States,Florida,No,No,No,Sometimes,6-25,No,No,No,Yes,Don't know,Don't know,No,Very difficult,Yes,No,Some of them,No,Yes,Yes,Yes,No,
2014-11-27,40,Male,Other,Not applicable,No,Yes,No,Rarely,6-25,Yes,Yes,No,Yes,Yes,Yes,No,Don't know,No,No,No,Some of them,Maybe,No,Yes,Don't know,
2014-03-29,50,Male,Canada,Not applicable,No,No,Yes,Often,1000+,Yes,Yes,Yes,No,Don't know,Yes,No,Very easy,Don't know,No,No,Yes,No,Yes,Don't know,No,
2014-04-10,18,Male,United States,Illinois,Yes,Yes,Yes,Rarely,500-1000,No,No,Don't know,Don't know,No,Yes,Yes,Somewhat easy,No,Yes,No,Yes,No,Maybe,Yes,No,
2014-12-26,45,Male,Australia,Not applicable,No,No,Yes,Rarely,500-1000,No,Yes,No,Don't know,Yes,No,No,Somewhat difficult,No,Yes,Yes,Yes,No,Maybe,Yes,Don't know,
2014-06-01,18,Male,United Kingdom,Not applicable,No,Yes,Yes,Often,1000+,No,Yes,No,Don't know,Don't know,No,Don't know,Somewhat easy,No,No,No,No,Maybe,Yes,Yes,Yes,
2014-05-11,45,Male,United States,Pennsylvania,No,Yes,Yes,Rarely,26-100,No,Yes,Yes,Don't know,No,No,Yes,Somewhat easy,Yes,No,Some of them,Yes,No,Maybe,No,Yes,
2014-05-30,25,Female,United States,Illinois,No,No,No,Never,1-5,Yes,Yes,Don't know,Yes,Don't know,No,No,Very difficult,No,Don't know,Yes,No,No,Yes,No,Yes,
2014-11-05,65,Female,Canada,Not applicable,No,Yes,No,Rarely,100-500,Yes,Yes,Don't know,Yes,Yes,No,No,Don't know,No,No,Yes,No,No,No,Don't know,Don't know,
2014-09-15,50,Female,India,Not applicable,Yes,No,No,Sometimes,100-500,Yes,Yes,Don't know,Don't know,Yes,No,Don't know,Very difficult,No,No,No,No,No,Maybe,Yes,Yes,
2014-12-10,25,Female,United States,Florida,No,No,Yes,Rarely,100-500,Yes,Yes,Yes,Yes,No,Don't know,Don't know,Somewhat difficult,Don't know,No,Yes,Yes,Yes,Yes,No,No,
2014-10-21,18,Male,United States,Washington,No,No,No,Rarely,1-5,No,Yes,Yes,No,Yes,Yes,No,Somewhat easy,No,No,No,Some of them,Maybe,No,No,Yes,
2014-07-11,50,Female,United Kingdom,Not applicable,No,No,Yes,Never,100-500,No,No,Yes,No,No,No,No,Somewhat difficult,No,No,No,No,No,Yes,Don't know,Don't know,
2014-10-04,25,Male,United States,Florida,No,No,Yes,Sometimes,26-100,Yes,No,Yes,Yes,Yes,No,Yes,Somewhat difficult,Don't know,No,Yes,Some of them,Yes,Yes,Yes,Yes,
2014-06-10,21,Male,Germany,Not applicable,No,Yes,No,Sometimes,26-100,Yes,Yes,Don't know,Don't know,No,No,No,Somewhat difficult,Don't know,No,Some of them,No,Maybe,No,Yes,No,
2014-11-10,18,Male,Canada,Not applicable,Yes,No,No,Rarely,26-100,No,Yes,Yes,No,Yes,Yes,No,Somewhat easy,No,No,No,Yes,No,Maybe,No,Yes,
2014-01-22,25,Male,United States,Illinois,No,No,Yes,Rarely,26-100,Yes,No,Yes,No,Yes,No,Don't know,Don't know,Yes,No,Some of them,Yes,Maybe,No,Yes,Yes,
2014-09-10,21,Male,Other,Not applicable,No,No,No,Never,100-500,No,Yes,Yes,Don't know,No,No,No,Very difficult,No,No,Some of them,Some of them,Maybe,Maybe,Yes,No,
2014-08-24,21,Other,Germany,Not applicable,No,Yes,Yes,Rarely,26-100,No,Yes,Yes,No,Yes,No,Yes,Somewhat difficult,No,No,Some of them,No,Maybe,Maybe,No,Don't know,
2014-12-11,40,Male,United States,Illinois,No,No,No,Never,1000+,Yes,No,Yes,Yes,No,Yes,No,Don't know,Yes,Yes,Yes,Yes,Yes,Yes,No,No,
2014-02-18,18,Male,United Kingdom,Not applicable,No,No,No,Sometimes,1000+,Yes,No,No,No,Don't know,Don't know,Yes,Somewhat easy,Yes,No,Yes,No,No,No,No,Don't know,
2014-02-28,21,Male,Australia,Not applicable,Yes,No,No,Sometimes,100-500,No,No,No,Don't know,No,No,Yes,Very easy,Yes,No,Yes,No,Maybe,No,No,No,
2014-06-19,40,Female,India,Not applicable,No,No,Yes,Often,1000+,Yes,No,Yes,No,Don't know,No,Yes,Very difficult,No,No,No,No,Maybe,No,No,No,
2014-07-07,25,Male,United States,Massachusetts,Yes,Yes,No,Never,1000+,Yes,Yes,Yes,No,Yes,No,Yes,Don't know,No,No,Some of them,Yes,No,Yes,No,Yes,
2014-09-28,30,Female,Other,Not applicable,Yes,Yes,No,Sometimes,100-500,Yes,Yes,Yes,No,Yes,Don't know,Don't know,Somewhat difficult,Yes,Yes,No,Some of them,No,Maybe,No,Yes,
2014-07-09,18,Male,Canada,Not applicable,No,No,No,Sometimes,100-500,No,Yes,Yes,Yes,Don't know,Yes,Yes,Very easy,Yes,Yes,Some of them,Yes,Yes,No,No,Yes,
2014-06-24,50,Male,United States,Pennsylvania,No,No,Yes,Sometimes,1000+,No,Yes,No,Don't know,No,Yes,Yes,Very difficult,No,No,Yes,Yes,Maybe,No,Yes,Don't know,
2014-02-20,45,Male,United States,Washington,No,No,No,Often,500-1000,Yes,Yes,No,Don't know,No,No,Don't know,Very easy,Yes,Don't know,Yes,No,No,No,Yes,Don't know,
2014-12-30,45,Female,United States,Florida,No,Yes,No,Rarely,26-100,No,No,No,Yes,No,No,No,Somewhat difficult,Yes,No,Some of them,Yes,Yes,Yes,No,No,
2014-02-24,25,Male,Australia,Not applicable,No,No,No,Never,500-1000,No,No,No,Yes,No,Yes,Yes,Somewhat easy,No,Yes,No,No,No,No,No,Yes,
2014-09-01,60,Male,United States,Pennsylvania,Yes,No,No,Sometimes,26-100,No,Yes,Yes,Don't know,Yes,Don't know,Yes,Don't know,No,Don't know,Some of them,Yes,No,Maybe,No,Yes,
2014-11-16,60,Male,United States,California,Yes,No,No,Rarely,26-100,Yes,No,Don't know,Don't know,No,No,Yes,Somewhat difficult,Yes,Don't know,Yes,No,Maybe,Maybe,No,Don't know,
2014-05-11,25,Male,France,Not applicable,Yes,No,No,Never,26-100,No,No,Don't know,Don't know,No,No,Yes,Very difficult,No,No,Some of them,Some of them,Yes,Yes,Yes,Yes,
2014-11-03,21,Male,United States,Pennsylvania,No,Yes,No,Rarely,26-100,No,Yes,Don't know,Don't know,No,Yes,Yes,Somewhat easy,Yes,No,No,No,Yes,No,Yes,No,
2014-05-15,18,Male,United States,California,No,No,Yes,Rarely,1-5,Yes,Yes,Yes,No,Don't know,Yes,No,Somewhat easy,No,No,Some of them,No,No,No,Yes,Yes,
2014-01-21,45,Male,United States,Washington,No,Yes,No,Sometimes,1000+,Yes,Yes,Don't know,No,No,No,Yes,Don't know,Yes,No,Yes,No,No,Yes,No,Yes,
2014-11-25,45,Male,United States,Florida,Yes,No,Yes,Never,26-100,Yes,Yes,Don't know,No,Yes,Don't know,No,Somewhat easy,Yes,Don't know,No,No,Yes,Yes,No,No,
2014-06-16,21,Male,United States,Florida,No,Yes,No,Rarely,6-25,Yes,Yes,Don't know,Yes,Don't know,No,Don't know,Somewhat difficult,No,Yes,Some of them,Some of them,No,No,No,Yes,
2014-10-01,45,Male,India,Not applicable,No,No,Yes,Sometimes,6-25,Yes,Yes,Yes,No,No,Don't know,No,Somewhat easy,No,No,Some of them,Yes,No,No,No,Yes,
2014-03-30,50,Male,United States,New York,No,Yes,No,Sometimes,100-500,No,Yes,No,No,No,Don't know,Don't know,Very difficult,Yes,No,Yes,Some of them,Maybe,Yes,Don't know,Don't know,
2014-11-12,18,Non-binary,United States,Illinois,Yes,No,Yes,Often,1000+,No,Yes,Don't know,No,Yes,No,No,Very easy,Yes,Don't know,Yes,No,Yes,Yes,Don't know,No,
2014-01-14,55,Male,Australia,Not applicable,No,No,Yes,Never,6-25,Yes,No,No,No,Yes,No,No,Somewhat easy,Don't know,Don't know,No,No,Maybe,Yes,No,No,
2014-08-30,45,Female,India,Not applicable,Yes,No,No,Often,6-25,No,Yes,No,No,No,No,No,Somewhat difficult,No,Don't know,Yes,Yes,No,Yes,Don't know,No,
2014-09-22,25,Female,Canada,Not applicable,Yes,Yes,Yes,Sometimes,100-500,No,No,Don't know,Yes,No,No,Yes,Somewhat easy,Yes,No,No,Yes,Yes,No,No,Yes,
2014-12-12,50,Male,United Kingdom,Not applicable,No,Yes,Yes,Sometimes,100-500,No,Yes,Yes,Yes,Don't know,Yes,Yes,Very easy,No,No,Yes,No,Yes,Yes,Don't know,Yes,
2014-02-22,45,Non-binary,United States,Texas,No,Yes,Yes,Rarely,26-100,No,Yes,No,Yes,Don't know,No,No,Somewhat difficult,Yes,No,Yes,Some of them,No,Yes,Don't know,Yes,
2014-12-06,65,Male,Canada,Not applicable,No,No,No,Sometimes,26-100,Yes,No,Yes,Yes,Don't know,Yes,No,Somewhat difficult,No,No,No,No,No,Maybe,Don't know,Yes,
2014-04-02,50,Other,United Kingdom,Not applicable,No,Yes,No,Often,100-500,No,Yes,Don't know,Don't know,No,Don't know,No,Very easy,Yes,No,No,Yes,No,Yes,No,Yes,
2014-09-21,40,Male,United States,Massachusetts,No,No,No,Often,26-100,No,Yes,Yes,Yes,No,Don't know,Don't know,Somewhat difficult,Yes,No,No,Yes,No,No,No,No,
2014-02-04,55,Male,Other,Not applicable,No,No,No,Rarely,1000+,No,No,No,Yes,No,Yes,No,Don't know,Yes,Don't know,Some of them,No,No,Maybe,No,Yes,
2014-07-25,35,Female,United States,Pennsylvania,Yes,No,No,Never,1-5,No,Yes,No,No,Yes,Yes,No,Very easy,No,No,Yes,No,No,No,Yes,No,
2014-03-22,25,Non-binary,Australia,Not applicable,No,No,Yes,Sometimes,26-100,Yes,Yes,No,No,Yes,No,No,Somewhat difficult,Yes,Yes,No,Yes,Yes,No,No,Yes,
2014-02-19,25,Female,United States,Washington,No,No,Yes,Often,1000+,Yes,Yes,No,Yes,No,No,Don't know,Somewhat difficult,Yes,No,Yes,Yes,No,No,Don't know,Yes,
2014-12-26,18,Male,Australia,Not applicable,Yes,Yes,No,Rarely,1000+,No,No,Don't know,No,Don't know,Yes,Don't know,Very easy,Yes,No,No,No,No,Yes,Yes,Yes,
2014-01-02,50,Male,Germany,Not applicable,Yes,No,Yes,Sometimes,6-25,No,Yes,Don't know,No,Yes,No,Don't know,Very easy,Yes,Don't know,Yes,No,Yes,No,No,No,
2014-02-23,21,Non-binary,France,Not applicable,No,No,Yes,Sometimes,1000+,No,Yes,Yes,Yes,Yes,Yes,Yes,Somewhat difficult,No,No,Yes,No,Maybe,No,No,Yes,
2014-04-16,25,Male,United States,Texas,No,Yes,No,Sometimes,500-1000,Yes,Yes,Yes,Yes,Don't know,Yes,No,Very difficult,Yes,Yes,Yes,Some of them,No,Yes,No,No,
2014-09-17,50,Female,United Kingdom,Not applicable,No,No,No,Sometimes,26-100,No,Yes,Yes,Don't know,Yes,Yes,Yes,Very easy,No,No,Yes,No,Maybe,No,Don't know,No,
2014-11-06,50,Female,United Kingdom,Not applicable,No,No,Yes,Rarely,100-500,No,No,Yes,Don't know,No,Yes,Yes,Very difficult,Yes,Yes,Some of them,Yes,Yes,Maybe,Don't know,Yes,
2014-07-10,65,Male,India,Not applicable,No,No,Yes,Often,26-100,No,Yes,No,No,No,No,Don't know,Somewhat difficult,Yes,No,No,No,Maybe,Yes,No,No,
2014-08-06,30,Male,United Kingdom,Not applicable,Yes,Yes,No,Sometimes,6-25,Yes,Yes,Don't know,Yes,Yes,Don't know,Yes,Somewhat easy,No,Yes,Some of them,Some of them,No,No,Yes,Don't know,
2014-02-13,30,Male,United Kingdom,Not applicable,No,No,No,Sometimes,26-100,Yes,Yes,Don't know,No,Don't know,No,Don't know,Somewhat difficult,Don't know,Yes,No,Some of them,No,No,No,No,
2014-06-11,35,Male,Canada,Not applicable,No,Yes,No,Rarely,100-500,No,No,Yes,No,Yes,No,Yes,Don't know,Yes,Yes,Yes,Some of them,No,No,No,Yes,
2014-07-21,40,Non-binary,United States,Pennsylvania,Yes,Yes,No,Sometimes,1000+,No,Yes,Yes,Yes,No,Yes,Don't know,Somewhat easy,Yes,Don't know,Yes,No,Yes,No,No,No,
2014-09-27,35,Male,Canada,Not applicable,No,No,No,Rarely,100-500,No,No,No,No,Yes,No,Yes,Somewhat difficult,No,No,Yes,No,Maybe,No,Yes,No,
2014-12-17,45,Non-binary,United States,Texas,No,No,No,Rarely,26-100,No,No,No,No,Yes,Yes,No,Somewhat difficult,Don't know,No,Yes,Some of them,No,Yes,No,Yes,
2014-10-31,21,Male,Other,Not applicable,No,No,No,Sometimes,100-500,No,Yes,Yes,Yes,Yes,No,Yes,Very easy,Don't know,Don't know,No,No,Yes,Yes,Yes,Yes,
2014-09-28,45,Prefer not to say,India,Not applicable,No,Yes,Yes,Sometimes,500-1000,Yes,Yes,Don't know,No,Yes,Don't know,No,Very easy,No,No,No,Yes,Yes,Yes,No,Yes,
2014-08-03,60,Male,Other,Not applicable,No,No,No,Sometimes,500-1000,Yes,Yes,Don't know,Don't know,Yes,Yes,Yes,Very easy,No,No,No,Some of them,Yes,No,Yes,Yes,
2014-09-09,45,Male,United States,Washington,No,No,Yes,Rarely,26-100,Yes,No,Yes,Yes,No,No,No,Somewhat easy,No,No,Yes,No,No,No,No,Yes,
2014-07-09,18,Male,Netherlands,Not applicable,Yes,Yes,Yes,Sometimes,100-500,Yes,Yes,Don't know,Don't know,No,Yes,Yes,Very easy,No,No,Yes,Yes,No,Maybe,Yes,Yes,
2014-10-23,45,Female,Australia,Not applicable,No,No,No,Rarely,100-500,No,Yes,Yes,Yes,No,No,Yes,Very difficult,No,Don't know,Yes,Yes,No,No,Don't know,Yes,
2014-08-01,35,Female,India,Not applicable,No,Yes,No,Sometimes,500-1000,No,No,No,Don't know,No,Yes,Yes,Don't know,Don't know,No,Yes,No,No,No,No,Don't know,
2014-07-27,25,Female,Germany,Not applicable,No,No,No,Rarely,6-25,Yes,Yes,Yes,Yes,Don't know,No,No,Very easy,No,Don't know,Some of them,No,No,No,Yes,No,
2014-08-25,25,Male,United States,Florida,No,No,Yes,Sometimes,26-100,No,Yes,Yes,Yes,Don't know,Yes,Don't know,Somewhat easy,No,No,Yes,Yes,No,Yes,No,Don't know,
2014-12-04,30,Male,France,Not applicable,No,Yes,No,Often,100-500,No,Yes,Don't know,No,No,No,Don't know,Very easy,No,No,No,No,Yes,No,Don't know,No,
2014-02-22,21,Male,United Kingdom,Not applicable,No,Yes,No,Rarely,1000+,No,Yes,Yes,No,Don't know,No,Yes,Very easy,No,Don't know,No,No,No,No,No,Yes,
2014-10-07,21,Male,United States,Washington,Yes,Yes,No,Rarely,100-500,Yes,No,No,Don't know,No,Yes,No,Somewhat easy,No,No,Yes,No,Yes,Maybe,No,Yes,
2014-08-05,18,Male,United States,Pennsylvania,No,Yes,Yes,Sometimes,1000+,No,Yes,Yes,Yes,No,No,No,Somewhat easy,No,Don't know,Some of them,Yes,Maybe,Yes,Yes,No,
2014-09-09,35,Prefer not to say,Other,Not applicable,No,No,No,Sometimes,6-25,Yes,Yes,Yes,Yes,No,Don't know,Yes,Don't know,Yes,Yes,No,No,No,Maybe,No,Yes,
2014-07-07,30,Other,France,Not applicable,No,No,No,Sometimes,100-500,No,No,Yes,No,No,No,No,Somewhat easy,Yes,No,Yes,Yes,Maybe,No,No,Yes,
2014-02-10,65,Non-binary,Other,Not applicable,No,Yes,Yes,Sometimes,100-500,No,Yes,Yes,No,No,Yes,No,Somewhat difficult,No,Don't know,Some of them,No,No,Yes,No,Yes,
2014-06-06,60,Female,Germany,Not applicable,No,Yes,No,Rarely,500-1000,Yes,No,No,Yes,No,Yes,Yes,Somewhat easy,Don't know,Yes,Yes,No,Maybe,Yes,Don't know,Yes,
2014-01-15,21,Male,United States,Texas,No,No,No,Rarely,1000+,No,No,Yes,No,Don't know,Don't know,Yes,Very easy,Yes,Don't know,Yes,Some of them,No,Yes,Yes,Yes,
2014-10-28,25,Male,United States,Illinois,No,No,Yes,Rarely,1000+,No,Yes,No,No,Don't know,No,Yes,Very difficult,No,Don't know,Some of them,No,No,No,Yes,Yes,
2014-03-06,45,Male,United States,Massachusetts,No,Yes,Yes,Never,500-1000,No,Yes,No,Don't know,No,No,No,Very easy,Yes,Don't know,No,Yes,No,Yes,Don't know,Yes,
2014-12-11,45,Female,United States,Massachusetts,No,Yes,Yes,Sometimes,500-1000,No,No,No,Don't know,No,Yes,Yes,Don't know,Yes,No,Yes,No,No,No,No,No,
2014-11-23,30,Male,United States,Illinois,No,No,No,Never,1000+,Yes,Yes,Yes,Yes,Yes,No,Yes,Very easy,Don't know,No,Yes,No,Maybe,Maybe,Yes,Yes,
2014-01-09,35,Male,United States,Illinois,No,Yes,Yes,Often,100-500,Yes,Yes,Don't know,No,Yes,Yes,Yes,Somewhat difficult,Don't know,Don't know,Some of them,Some of them,No,No,No,No,
2014-12-10,35,Male,Canada,Not applicable,No,Yes,No,Often,1000+,No,No,Yes,Yes,No,Don't know,Yes,Don't know,Yes,No,Yes,Some of them,Yes,No,Don't know,No,
2014-05-09,40,Male,Other,Not applicable,No,No,No,Often,1000+,Yes,Yes,Yes,No,No,Don't know,Yes,Very easy,No,No,Yes,Yes,No,Yes,Yes,No,
2014-05-16,55,Non-binary,Canada,Not applicable,No,No,No,Often,100-500,No,No,Yes,No,Yes,Yes,Don't know,Somewhat easy,Yes,Don't know,No,Yes,Maybe,No,Yes,Yes,
2014-03-04,21,Female,Netherlands,Not applicable,No,No,Yes,Rarely,500-1000,Yes,Yes,Yes,Don't know,Don't know,No,Yes,Very difficult,Don't know,No,Some of them,Yes,No,Yes,Yes,No,
2014-05-19,35,Male,Germany,Not applicable,No,No,Yes,Often,100-500,Yes,Yes,Yes,No,No,Yes,No,Very easy,Yes,Don't know,Yes,No,No,Maybe,Don't know,Yes,
2014-03-22,25,Other,United States,Florida,No,No,No,Never,6-25,No,Yes,No,Don't know,No,No,No,Somewhat difficult,Yes,Yes,Some of them,Yes,No,Yes,Don't know,Yes,
2014-06-12,30,Female,United States,Pennsylvania,No,Yes,No,Never,100-500,Yes,No,Yes,Don't know,Yes,Don't know,No,Very easy,No,Yes,No,Yes,No,No,No,No,
2014-10-16,60,Male,United States,California,No,Yes,No,Sometimes,6-25,No,Yes,Yes,Don't know,Yes,No,No,Somewhat easy,Don't know,No,No,No,Maybe,No,No,Yes,
2014-09-18,40,Male,United States,Washington,No,Yes,Yes,Never,100-500,No,No,No,Don't know,Don't know,Yes,Yes,Very easy,Yes,No,No,Yes,No,No,Yes,Yes,
2014-08-19,50,Male,India,Not applicable,Yes,Yes,Yes,Often,1000+,No,Yes,Yes,No,No,Yes,Don't know,Don't know,No,No,Some of them,Yes,No,No,Yes,Yes,
2014-02-10,18,Male,United States,Massachusetts,No,No,No,Sometimes,6-25,No,Yes,Yes,Yes,Don't know,Don't know,No,Very easy,Yes,Yes,Yes,No,No,Yes,Don't know,Yes,
2014-01-28,60,Other,United States,Illinois,Yes,No,Yes,Sometimes,1-5,Yes,Yes,Yes,Yes,Don't know,No,Don't know,Very easy,Don't know,Don't know,Yes,Yes,Maybe,Yes,Yes,Yes,
2014-05-15,50,Male,United States,Washington,No,No,No,Rarely,500-1000,No,Yes,No,Yes,No,No,No,Somewhat difficult,Yes,No,Some of them,No,No,No,No,Don't know,
2014-07-20,65,Non-binary,Other,Not applicable,No,No,No,Sometimes,26-100,No,Yes,Yes,No,Yes,Yes,Don't know,Somewhat easy,Don't know,No,No,Some of them,Maybe,No,No,Yes,
2014-11-24,45,Male,Australia,Not applicable,No,Yes,Yes,Never,100-500,No,Yes,Yes,No,Don't know,Yes,No,Somewhat easy,No,No,No,Yes,No,No,Yes,Yes,
2014-09-25,18,Male,India,Not applicable,No,Yes,No,Often,100-500,No,Yes,No,No,Don't know,Don't know,Don't know,Very easy,Yes,No,No,No,Maybe,Yes,No,No,
2014-02-02,21,Male,United States,Massachusetts,No,No,No,Never,6-25,No,No,No,Don't know,No,No,No,Somewhat difficult,Don't know,Yes,No,Some of them,Maybe,No,No,No,
2014-02-17,25,Male,Australia,Not applicable,Yes,No,Yes,Sometimes,1-5,No,Yes,No,Don't know,No,No,No,Somewhat difficult,Don't know,Yes,Some of them,Some of them,No,Maybe,No,Don't know,
2014-03-03,18,Male,Australia,Not applicable,No,No,No,Rarely,1000+,No,No,Don't know,Yes,No,No,No,Somewhat easy,No,No,Some of them,No,Maybe,No,Yes,Don't know,
2014-08-04,55,Non-binary,Germany,Not applicable,No,No,Yes,Never,26-100,Yes,Yes,Yes,Yes,No,No,Don't know,Very easy,Yes,Yes,No,No,Yes,Maybe,Yes,No,
2014-10-20,50,Male,Other,Not applicable,Yes,No,No,Sometimes,100-500,Yes,Yes,Yes,No,No,Yes,Don't know,Somewhat difficult,No,Yes,Yes,Yes,No,No,No,Don't know,
2014-04-09,21,Male,United States,Illinois,No,No,Yes,Never,1000+,No,Yes,Yes,Yes,Don't know,Yes,Yes,Very difficult,No,No,No,No,Maybe,Yes,Don't know,Yes,
2014-06-21,55,Male,Other,Not applicable,No,Yes,No,Sometimes,1000+,Yes,Yes,Yes,No,No,No,No,Somewhat easy,No,Yes,No,Some of them,No,Yes,Yes,No,
2014-12-26,45,Male,Other,Not applicable,No,No,No,Rarely,6-25,Yes,Yes,Yes,No,Yes,No,Yes,Very easy,No,No,No,No,No,No,Don't know,Don't know,
2014-08-02,55,Male,United States,Pennsylvania,No,No,No,Rarely,100-500,Yes,Yes,Yes,No,No,No,No,Somewhat easy,Yes,Yes,No,No,No,No,No,No,
2014-02-04,40,Male,Canada,Not applicable,No,Yes,Yes,Sometimes,500-1000,No,Yes,No,Don't know,Yes,Don't know,Yes,Somewhat difficult,No,No,Yes,Yes,No,No,Don't know,Don't know,
2014-08-15,40,Male,Other,Not applicable,No,No,No,Rarely,500-1000,Yes,No,No,Don't know,Yes,No,Yes,Don't know,No,No,No,No,Maybe,No,Yes,Yes,
2014-04-11,65,Male,United States,Massachusetts,No,Yes,Yes,Rarely,500-1000,No,Yes,Yes,Yes,Don't know,Yes,Don't know,Very easy,Yes,Yes,No,No,No,Maybe,Yes,Yes,
2014-05-11,30,Male,United Kingdom,Not applicable,No,No,No,Often,100-500,Yes,No,No,No,Yes,Don't know,Yes,Somewhat easy,No,Don't know,Some of them,No,Maybe,No,Yes,Don't know,
2014-09-14,60,Male,Other,Not applicable,No,Yes,No,Never,6-25,No,Yes,Yes,No,Yes,No,No,Very easy,No,Don't know,No,Yes,No,No,No,Yes,
2014-01-05,60,Male,United Kingdom,Not applicable,No,No,Yes,Never,100-500,No,Yes,Yes,Yes,No,No,No,Somewhat easy,No,Yes,Yes,No,No,Yes,Don't know,No,
2014-08-06,21,Male,United States,Florida,No,Yes,Yes,Rarely,500-1000,No,Yes,No,Yes,No,No,Yes,Somewhat easy,Yes,Don't know,No,No,No,No,Yes,Yes,
2014-09-12,45,Non-binary,Germany,Not applicable,No,No,No,Rarely,500-1000,Yes,Yes,Yes,No,No,No,Yes,Don't know,No,No,Some of them,Yes,No,Maybe,No,No,
2014-12-25,35,Female,United States,California,No,Yes,Yes,Sometimes,1-5,No,Yes,Yes,Yes,Yes,Yes,No,Very easy,Yes,Yes,No,Yes,Yes,Yes,Yes,Don't know,
2014-10-10,65,Male,United Kingdom,Not applicable,No,Yes,No,Rarely,1-5,No,Yes,Yes,Yes,Yes,No,Yes,Very difficult,No,Yes,No,Yes,No,Maybe,No,Yes,
2014-07-26,40,Male,United States,California,No,No,Yes,Sometimes,1000+,No,Yes,Don't know,No,Yes,Don't know,Don't know,Somewhat easy,No,No,No,No,No,Maybe,Yes,Yes,
2014-01-15,21,Prefer not to say,Germany,Not applicable,No,No,Yes,Never,6-25,No,Yes,No,No,No,No,Don't know,Very difficult,No,No,Yes,No,No,No,Yes,Yes,
2014-12-12,35,Female,United Kingdom,Not applicable,No,Yes,No,Rarely,26-100,No,Yes,Yes,Yes,Yes,No,Yes,Somewhat difficult,Yes,No,Some of them,Some of them,Yes,Yes,Yes,Don't know,
2014-02-11,60,Male,India,Not applicable,No,Yes,No,Rarely,500-1000,No,Yes,Don't know,Yes,Don't know,Yes,Yes,Very easy,No,No,Yes,Yes,No,Yes,No,No,
2014-06-28,30,Non-binary,Germany,Not applicable,No,No,No,Sometimes,100-500,No,Yes,No,Don't know,No,Yes,No,Don't know,Don't know,No,No,Some of them,No,Yes,Yes,Yes,
2014-03-04,55,Male,United Kingdom,Not applicable,Yes,No,Yes,Often,6-25,No,No,No,Yes,Yes,Yes,No,Very easy,Yes,No,Yes,No,Maybe,Yes,Yes,Yes,
2014-12-18,40,Male,India,Not applicable,No,No,No,Sometimes,100-500,No,No,Don't know,Don't know,No,Yes,Yes,Somewhat difficult,Don't know,No,Yes,No,No,No,Yes,No,
2014-08-19,21,Male,United States,Illinois,No,Yes,Yes,Often,100-500,No,Yes,Yes,No,No,Don't know,Yes,Very difficult,No,Don't know,No,Yes,No,Yes,Don't know,No,
2014-08-29,18,Male,Germany,Not applicable,No,No,No,Rarely,100-500,No,No,Yes,Yes,No,No,No,Very easy,No,Yes,No,Yes,Maybe,No,No,Yes,
2014-02-21,35,Other,United States,Massachusetts,No,Yes,No,Never,1000+,Yes,No,No,Yes,Yes,No,Don't know,Somewhat difficult,Yes,No,No,Some of them,No,Yes,No,Yes,
2014-04-06,55,Female,Other,Not applicable,No,Yes,No,Never,26-100,No,Yes,No,Yes,No,No,No,Very difficult,Yes,No,No,No,No,Yes,No,No,
2014-08-10,40,Male,United States,Florida,No,No,No,Rarely,500-1000,No,Yes,No,Yes,No,Yes,No,Don't know,Don't know,No,No,No,Maybe,No,Yes,No,
2014-08-19,60,Male,Canada,Not applicable,No,No,No,Rarely,6-25,No,No,No,Yes,Don't know,Don't know,Don't know,Somewhat difficult,Yes,No,No,Yes,No,Maybe,No,Don't know,
2014-08-25,45,Male,India,Not applicable,No,No,No,Never,100-500,Yes,Yes,Don't know,No,Yes,No,No,Somewhat easy,Yes,No,No,Some of them,No,No,Yes,Yes,
2014-05-23,35,Male,Canada,Not applicable,No,Yes,No,Rarely,500-1000,No,No,Don't know,Yes,No,Yes,No,Somewhat difficult,No,No,No,Yes,No,No,No,No,
2014-06-20,60,Female,United States,New York,No,No,No,Rarely,26-100,No,Yes,Don't know,No,No,No,No,Somewhat difficult,Yes,No,No,No,Maybe,No,No,No,
2014-01-29,40,Male,United Kingdom,Not applicable,Yes,No,Yes,Never,100-500,Yes,Yes,Don't know,No,Don't know,Don't know,Don't know,Somewhat difficult,No,No,No,No,Maybe,No,No,Don't know,
2014-02-05,35,Male,Germany,Not applicable,No,No,Yes,Rarely,6-25,No,Yes,Don't know,Yes,Don't know,Don't know,No,Very difficult,No,Yes,Some of them,No,Maybe,Maybe,Yes,Yes,
2014-01-13,65,Female,India,Not applicable,No,Yes,No,Often,6-25,Yes,Yes,Yes,Yes,Yes,Yes,Don't know,Very easy,Don't know,No,Yes,No,No,Yes,Yes,Yes,
2014-06-09,55,Male,United States,Washington,No,Yes,Yes,Rarely,100-500,No,No,Yes,Yes,Yes,Don't know,No,Very easy,No,No,Some of them,No,No,Maybe,No,Yes,
2014-11-23,40,Female,United Kingdom,Not applicable,No,Yes,Yes,Sometimes,500-1000,No,No,Yes,Yes,No,Yes,No,Somewhat difficult,Yes,No,Yes,Some of them,Yes,Yes,No,Don't know,
2014-07-06,65,Male,Canada,Not applicable,No,No,Yes,Sometimes,6-25,Yes,Yes,Don't know,No,Yes,Yes,Yes,Don't know,Yes,Don't know,Yes,Some of them,No,Maybe,Yes,Yes,
2014-08-31,50,Other,India,Not applicable,Yes,Yes,No,Rarely,1000+,Yes,Yes,No,Yes,No,Don't know,Yes,Somewhat difficult,No,No,Yes,No,Maybe,Yes,Yes,Yes,
2014-03-27,21,Male,Germany,Not applicable,No,No,Yes,Rarely,26-100,No,No,No,No,Yes,Don't know,No,Don't know,Yes,Yes,No,Yes,No,Maybe,Don't know,No,
2014-10-11,55,Male,United Kingdom,Not applicable,No,Yes,Yes,Rarely,6-25,Yes,Yes,Yes,No,No,No,Yes,Don't know,Don't know,No,Yes,No,No,Maybe,No,Yes,
2014-03-07,35,Male,United States,Washington,No,No,Yes,Sometimes,26-100,No,Yes,Yes,No,Don't know,No,No,Don't know,No,No,Some of them,Yes,No,Yes,Don't know,Yes,
2014-06-19,45,Male,United States,Texas,Yes,Yes,No,Rarely,6-25,No,Yes,No,No,Don't know,Don't know,Yes,Don't know,Yes,No,Some of them,Yes,No,Maybe,Yes,Yes,
2014-02-14,60,Female,United States,Florida,No,No,No,Rarely,6-25,No,No,Yes,No,No,No,Don't know,Very difficult,Don't know,No,No,Some of them,Yes,Yes,No,No,
2014-03-03,18,Female,United States,Massachusetts,No,No,No,Never,500-1000,Yes,No,Yes,Yes,No,Don't know,Yes,Very difficult,Yes,Yes,No,Some of them,No,Yes,Yes,No,
2014-05-14,60,Male,Canada,Not applicable,No,Yes,No,Often,100-500,No,Yes,Yes,Yes,Don't know,No,Don't know,Somewhat difficult,Yes,No,Some of them,No,No,No,No,No,
2014-10-11,35,Male,Germany,Not applicable,No,No,No,Rarely,100-500,No,Yes,Yes,No,Yes,Don't know,No,Very easy,No,No,Some of them,Some of them,No,Maybe,Yes,Don't know,
2014-01-28,60,Male,United States,Pennsylvania,Yes,No,Yes,Sometimes,1000+,Yes,No,No,Yes,No,Don't know,Yes,Very easy,Don't know,Don't know,No,Some of them,Maybe,No,Yes,Yes,
2014-04-18,21,Male,Other,Not applicable,No,No,Yes,Sometimes,100-500,Yes,Yes,Yes,No,No,Yes,No,Very easy,No,No,No,No,Maybe,No,Yes,No,
2014-02-13,40,Male,United States,Pennsylvania,No,No,Yes,Often,6-25,Yes,Yes,No,No,Yes,Don't know,Yes,Very easy,Yes,No,No,No,No,No,No,Yes,
2014-12-06,65,Non-binary,Australia,Not applicable,No,Yes,Yes,Sometimes,26-100,No,Yes,Yes,No,No,No,Yes,Very easy,Yes,No,No,No,Maybe,Maybe,No,Yes,
2014-10-13,18,Male,Germany,Not applicable,No,Yes,No,Sometimes,26-100,Yes,No,Don't know,No,Yes,No,No,Don't know,Yes,No,Yes,Yes,No,No,No,Yes,
2014-11-27,25,Male,United States,Texas,No,Yes,No,Often,100-500,Yes,Yes,Yes,No,No,No,Yes,Somewhat difficult,Yes,No,No,Yes,No,Yes,Don't know,Yes,
2014-05-08,35,Male,United States,Illinois,No,Yes,No,Sometimes,26-100,No,Yes,No,No,Yes,Yes,Don't know,Somewhat easy,Yes,No,Yes,No,No,Yes,No,Yes,
2014-12-14,30,Female,Germany,Not applicable,Yes,Yes,No,Never,100-500,No,Yes,No,No,No,No,Yes,Very difficult,No,Don't know,No,No,No,Yes,No,Yes,
2014-08-19,25,Female,United States,Massachusetts,No,Yes,No,Never,500-1000,No,Yes,Yes,No,Yes,Don't know,No,Somewhat difficult,Don't know,No,No,Yes,No,No,Don't know,No,
2014-07-09,60,Non-binary,Other,Not applicable,No,No,Yes,Sometimes,500-1000,No,Yes,Don't know,No,Don't know,Yes,No,Very easy,Yes,Yes,Some of them,No,Yes,Yes,No,Yes,
2014-08-13,35,Male,United Kingdom,Not applicable,No,No,Yes,Often,500-1000,Yes,Yes,No,Don't know,No,No,No,Very difficult,Yes,No,Some of them,No,No,Yes,Yes,No,
2014-10-10,65,Male,Other,Not applicable,No,Yes,No,Sometimes,26-100,No,Yes,Yes,No,No,Don't know,No,Somewhat easy,Don't know,Yes,No,Some of them,No,Maybe,Don't know,Yes,
2014-05-01,50,Non-binary,United States,Texas,No,Yes,No,Sometimes,6-25,Yes,Yes,Yes,No,No,No,No,Somewhat difficult,No,No,No,No,No,Yes,Yes,Yes,
2014-04-26,65,Female,India,Not applicable,No,No,Yes,Sometimes,100-500,No,Yes,Don't know,No,No,No,No,Somewhat easy,Don't know,No,Yes,No,Yes,No,No,Yes,
2014-08-21,30,Male,Germany,Not applicable,No,Yes,No,Rarely,6-25,No,Yes,No,No,Yes,No,No,Somewhat difficult,Yes,No,No,Some of them,No,Yes,Yes,Yes,
2014-09-16,18,Female,India,Not applicable,No,Yes,No,Sometimes,6-25,Yes,No,Yes,Yes,No,No,Yes,Very difficult,Yes,No,Yes,Some of them,No,Yes,No,Yes,
2014-12-25,65,Female,United States,California,No,Yes,No,Never,100-500,No,No,Yes,Don't know,Yes,No,No,Very easy,No,Yes,Yes,No,No,Yes,No,No,
2014-07-17,45,Male,India,Not applicable,No,No,No,Often,26-100,No,Yes,Don't know,Yes,Yes,Don't know,Yes,Don't know,No,No,No,Some of them,No,No,Yes,No,
2014-05-17,50,Female,Canada,Not applicable,No,No,Yes,Sometimes,500-1000,Yes,No,No,No,No,No,Yes,Very easy,No,No,Yes,No,Yes,Maybe,No,Yes,
2014-11-14,25,Male,India,Not applicable,No,Yes,Yes,Sometimes,26-100,No,Yes,No,No,Yes,Don't know,No,Somewhat difficult,No,Don't know,Yes,Yes,No,Yes,No,Yes,
2014-06-14,40,Male,United States,Washington,No,No,No,Rarely,1000+,No,No,Yes,Don't know,No,No,No,Don't know,Yes,No,Some of them,Yes,Maybe,Yes,Yes,No,
2014-08-13,21,Male,Netherlands,Not applicable,No,No,Yes,Never,500-1000,No,Yes,No,Yes,No,Yes,No,Don't know,No,No,Yes,No,No,No,No,Yes,
2014-11-03,45,Female,United States,Massachusetts,No,No,No,Rarely,1-5,No,Yes,Yes,No,No,No,No,Somewhat easy,No,Yes,Yes,No,No,No,Yes,Yes,
2014-08-22,50,Female,Australia,Not applicable,No,No,No,Sometimes,100-500,No,Yes,Yes,No,No,No,Yes,Very easy,Yes,No,Yes,No,No,No,Don't know,No,
2014-06-21,40,Female,Netherlands,Not applicable,No,No,Yes,Sometimes,100-500,Yes,Yes,No,Yes,No,No,Yes,Somewhat difficult,No,No,Yes,No,No,Maybe,No,No,
2014-06-01,40,Male,France,Not applicable,No,Yes,No,Rarely,500-1000,Yes,No,Don't know,Yes,No,Yes,Yes,Very easy,No,Don't know,Yes,Yes,No,No,Don't know,No,
2014-11-11,35,Female,United Kingdom,Not applicable,Yes,Yes,No,Sometimes,100-500,No,Yes,Yes,No,No,Yes,No,Somewhat difficult,Yes,Yes,Some of them,Yes,Maybe,No,Yes,No,
2014-06-09,50,Female,Canada,Not applicable,Yes,No,Yes,Often,100-500,Yes,Yes,Yes,No,Yes,Yes,No,Very difficult,Yes,No,Yes,No,Yes,No,Yes,Yes,
2014-04-06,18,Female,Other,Not applicable,No,No,No,Never,100-500,No,Yes,No,Yes,No,Yes,Yes,Somewhat difficult,Yes,No,Some of them,Yes,Maybe,No,Yes,Yes,
2014-08-21,60,Female,United States,Texas,No,No,No,Sometimes,26-100,Yes,No,No,No,No,No,No,Very easy,Yes,Yes,Yes,No,No,Yes,Yes,Yes,
2014-06-29,30,Female,United Kingdom,Not applicable,No,No,No,Sometimes,1000+,Yes,Yes,Don't know,No,No,Yes,No,Somewhat difficult,No,No,No,No,No,Yes,No,No,
2014-04-23,30,Male,India,Not applicable,No,No,Yes,Sometimes,26-100,Yes,Yes,No,No,Don't know,No,No,Don't know,Don't know,Don't know,No,No,Maybe,Yes,Don't know,Don't know,
2014-11-14,25,Male,India,Not applicable,No,Yes,No,Sometimes,1-5,No,No,Yes,Don't know,Don't know,Yes,No,Somewhat difficult,Yes,No,No,No,Maybe,Yes,No,Yes,
2014-02-21,25,Male,United States,California,No,No,No,Sometimes,6-25,No,Yes,Don't know,No,Yes,Yes,No,Somewhat difficult,Yes,Don't know,No,No,Maybe,Yes,Don't know,Yes,
2014-09-25,30,Male,Germany,Not applicable,Yes,No,Yes,Often,1000+,Yes,Yes,No,Don't know,Yes,No,No,Somewhat easy,Don't know,Yes,Some of them,Some of them,Maybe,Yes,Yes,Yes,
2014-10-22,65,Male,France,Not applicable,No,No,Yes,Never,100-500,No,No,Don't know,Don't know,Yes,Yes,Yes,Very easy,Yes,No,Yes,Some of them,No,Maybe,Don't know,Yes,
2014-04-23,18,Female,United States,Florida,No,No,No,Sometimes,500-1000,Yes,Yes,No,Yes,Yes,Don't know,Yes,Somewhat easy,Yes,No,No,Some of them,No,Maybe,Yes,Yes,
2014-04-11,65,Male,Other,Not applicable,No,No,Yes,Never,1000+,No,Yes,Don't know,Yes,Yes,Yes,Yes,Somewhat difficult,Yes,No,Some of them,No,No,No,Don't know,No,
2014-04-23,65,Male,United States,Texas,No,Yes,No,Never,1000+,Yes,Yes,Yes,No,No,No,No,Somewhat easy,No,Don't know,Yes,Yes,No,No,Yes,Don't know,
2014-03-22,21,Female,United States,Illinois,Yes,No,No,Rarely,100-500,No,No,Yes,No,Don't know,Don't know,Don't know,Somewhat difficult,Yes,Yes,Yes,No,No,Yes,Don't know,Yes,
2014-07-06,55,Male,United States,Illinois,No,Yes,No,Never,6-25,No,Yes,Don't know,No,No,No,No,Somewhat difficult,No,Don't know,Yes,Some of them,No,Maybe,Yes,Yes,
2014-04-23,60,Male,United States,Illinois,No,No,Yes,Often,6-25,No,No,Yes,No,Yes,Yes,Yes,Somewhat difficult,Yes,No,No,Yes,No,No,Yes,Yes,
2014-01-02,21,Male,Other,Not applicable,No,No,No,Often,100-500,Yes,No,Yes,No,No,No,No,Very easy,Yes,No,Yes,Yes,Maybe,Yes,No,Yes,
2014-05-10,35,Male,United States,Massachusetts,No,Yes,No,Rarely,100-500,No,Yes,No,No,No,No,Don't know,Very difficult,Yes,Don't know,Yes,Yes,No,Yes,No,Yes,
2014-08-08,55,Male,Canada,Not applicable,No,No,No,Sometimes,100-500,No,No,Don't know,Yes,Don't know,Don't know,Don't know,Somewhat difficult,No,No,No,No,Yes,Yes,No,No,
2014-02-23,55,Male,United States,Pennsylvania,No,No,No,Sometimes,100-500,No,Yes,Yes,Don't know,Don't know,Don't know,No,Very easy,No,No,No,No,No,Yes,Don't know,Yes,
2014-12-09,50,Male,Germany,Not applicable,No,No,No,Often,500-1000,Yes,Yes,Don't know,Yes,Don't know,Yes,Don't know,Very easy,Yes,No,Yes,Yes,No,Yes,No,Don't know,
2014-08-12,18,Non-binary,Germany,Not applicable,No,Yes,No,Sometimes,1-5,Yes,No,No,Don't know,No,Don't know,Yes,Somewhat difficult,Yes,Don't know,Yes,Some of them,No,Yes,No,No,
2014-08-13,18,Male,United States,Pennsylvania,No,No,No,Never,1-5,No,No,No,Yes,No,Yes,Yes,Somewhat easy,No,No,No,No,Maybe,Yes,Yes,No,
2014-05-06,55,Female,United States,Washington,No,No,No,Sometimes,500-1000,Yes,Yes,Don't know,Don't know,Yes,Yes,Yes,Very easy,Don't know,Yes,Some of them,No,No,Yes,No,Yes,
2014-05-10,65,Male,Netherlands,Not applicable,No,No,No,Sometimes,6-25,Yes,Yes,Yes,Yes,No,Don't know,No,Very easy,Yes,No,No,No,Maybe,Maybe,No,No,
2014-02-22,50,Male,United States,Texas,Yes,Yes,No,Sometimes,500-1000,Yes,Yes,Yes,Yes,Yes,Yes,Yes,Very easy,No,Yes,Some of them,Yes,No,Yes,Don't know,Yes,
2014-06-21,60,Female,Canada,Not applicable,No,No,Yes,Often,100-500,No,Yes,Yes,Yes,No,Yes,No,Don't know,Yes,No,No,No,No,Yes,No,Yes,
2014-08-06,55,Male,United States,Florida,No,No,Yes,Often,1000+,Yes,Yes,No,No,No,Yes,No,Somewhat difficult,Yes,Yes,Yes,No,No,No,No,Yes,
2014-06-09,45,Male,Australia,Not applicable,No,Yes,No,Sometimes,1000+,No,Yes,No,Don't know,Yes,No,Yes,Somewhat difficult,Yes,Yes,No,No,Yes,Maybe,Yes,Don't know,
2014-07-17,25,Male,United States,Texas,No,Yes,No,Sometimes,100-500,No,Yes,Don't know,No,Yes,No,Don't know,Don't know,No,Yes,Some of them,No,Yes,Yes,Yes,Yes,
2014-09-04,25,Male,United Kingdom,Not applicable,Yes,Yes,No,Often,500-1000,Yes,Yes,No,Don't know,Yes,No,Yes,Somewhat difficult,Yes,No,No,No,Yes,Maybe,No,Yes,
2014-11-20,21,Male,United States,Washington,No,No,No,Rarely,6-25,No,Yes,No,No,Yes,Yes,No,Somewhat difficult,Don't know,No,Some of them,Yes,No,Yes,Yes,Yes,
2014-07-22,35,Male,Other,Not applicable,No,No,Yes,Rarely,100-500,Yes,No,No,No,Yes,No,No,Somewhat easy,No,No,Some of them,No,No,Yes,Yes,Yes,
2014-07-03,25,Male,United States,California,No,No,No,Never,500-1000,No,No,Yes,Don't know,Yes,Don't know,Yes,Somewhat difficult,Don't know,Yes,Yes,Some of them,Maybe,Yes,Yes,Yes,
2014-05-03,40,Male,Australia,Not applicable,No,Yes,Yes,Often,500-1000,No,Yes,Yes,Yes,Yes,Don't know,No,Very easy,Yes,No,Yes,Yes,No,No,Don't know,Yes,
2014-09-12,21,Female,Canada,Not applicable,No,No,No,Sometimes,100-500,No,Yes,Don't know,Yes,Yes,Yes,Don't know,Somewhat easy,Yes,No,Yes,Yes,No,Yes,Yes,No,
2014-10-21,25,Female,United States,Washington,No,Yes,No,Never,6-25,Yes,Yes,Yes,Don't know,Don't know,Don't know,Don't know,Very easy,Don't know,No,No,No,No,No,Don't know,Yes,
2014-10-07,35,Prefer not to say,Australia,Not applicable,No,Yes,No,Often,1000+,No,Yes,Yes,Don't know,No,No,Don't know,Somewhat easy,No,Don't know,Yes,No,No,Yes,Yes,No,
2014-11-21,65,Male,United States,Illinois,No,No,No,Sometimes,26-100,No,Yes,No,Don't know,Yes,Yes,Yes,Very easy,Don't know,No,Some of them,Yes,No,No,Yes,No,
2014-04-08,65,Female,Netherlands,Not applicable,No,Yes,No,Often,1000+,No,No,Yes,Don't know,No,Yes,No,Somewhat easy,Yes,No,Yes,No,No,Yes,No,Yes,
2014-07-17,18,Male,Other,Not applicable,No,No,No,Never,500-1000,No,Yes,Don't know,Yes,Don't know,Yes,Yes,Very difficult,Yes,No,Yes,No,No,No,No,No,
2014-08-28,18,Male,France,Not applicable,No,Yes,Yes,Sometimes,100-500,Yes,Yes,Yes,Don't know,No,No,Yes,Somewhat easy,No,Yes,Yes,Some of them,No,No,No,No,
2014-05-24,60,Male,United States,Massachusetts,No,No,Yes,Sometimes,1-5,No,Yes,Yes,No,Yes,Yes,Yes,Very difficult,Yes,Don't know,Some of them,Yes,No,No,No,No,
2014-04-07,55,Female,Australia,Not applicable,No,No,No,Sometimes,26-100,Yes,Yes,Yes,Don't know,No,No,Yes,Somewhat difficult,No,No,No,No,No,Yes,Yes,No,
2014-07-20,45,Male,Canada,Not applicable,No,No,No,Sometimes,1000+,Yes,Yes,No,No,No,Yes,Don't know,Somewhat difficult,Yes,Yes,Some of them,Yes,Yes,No,No,No,
2014-05-04,18,Male,Netherlands,Not applicable,No,Yes,No,Often,1000+,No,No,Yes,No,No,Don't know,Yes,Somewhat easy,Yes,No,Some of them,No,No,No,No,Yes,
2014-07-06,50,Male,Germany,Not applicable,No,Yes,No,Rarely,100-500,No,Yes,No,No,No,Yes,No,Don't know,Yes,No,No,No,No,Yes,Yes,No,
2014-11-22,25,Female,France,Not applicable,No,No,Yes,Often,100-500,No,Yes,Don't know,Yes,Don't know,Don't know,No,Very easy,Yes,No,Yes,No,No,Maybe,Don't know,Yes,
2014-12-15,50,Female,Canada,Not applicable,No,Yes,No,Never,500-1000,Yes,Yes,Don't know,Yes,Don't know,Don't know,No,Somewhat difficult,Yes,Don't know,Yes,Some of them,No,No,No,No,
2014-09-16,35,Female,United Kingdom,Not applicable,Yes,No,No,Rarely,100-500,Yes,No,Yes,Don't know,No,Yes,Don't know,Somewhat difficult,No,Yes,Yes,Yes,No,No,No,Yes,
2014-05-28,18,Male,United States,California,No,No,Yes,Never,500-1000,No,Yes,Yes,Don't know,No,No,Yes,Somewhat easy,Yes,No,No,No,No,Yes,Don't know,No,
2014-09-09,45,Male,Australia,Not applicable,No,Yes,Yes,Rarely,26-100,No,Yes,No,Yes,No,Yes,No,Somewhat easy,Yes,Yes,Yes,Yes,Maybe,No,Don't know,Yes,
2014-12-12,35,Male,Canada,Not applicable,No,Yes,No,Rarely,1000+,Yes,No,Don't know,No,Don't know,Don't know,No,Somewhat easy,Don't know,No,Yes,No,No,Yes,No,No,
2014-05-27,40,Male,United Kingdom,Not applicable,No,No,Yes,Often,500-1000,No,Yes,Don't know,No,Yes,No,Yes,Very difficult,No,Yes,No,Yes,Maybe,No,Yes,No,
2014-05-28,40,Male,Australia,Not applicable,No,No,Yes,Sometimes,26-100,Yes,Yes,Yes,No,Don't know,Yes,No,Very difficult,Yes,Don't know,No,Some of them,No,No,Don't know,Don't know,
2014-12-18,50,Female,Germany,Not applicable,No,No,Yes,Rarely,1000+,No,Yes,No,Yes,Yes,Yes,Don't know,Don't know,No,No,No,Some of them,No,No,Yes,No,
2014-07-18,55,Prefer not to say,United States,Massachusetts,No,No,No,Sometimes,100-500,No,Yes,Yes,Don't know,No,No,Yes,Somewhat easy,Don't know,No,No,Some of them,No,Yes,Yes,Yes,
2014-11-04,21,Female,Germany,Not applicable,No,No,No,Never,6-25,No,Yes,Yes,No,Don't know,Don't know,Yes,Somewhat easy,Yes,Yes,Some of them,Yes,Yes,No,Yes,Don't know,
2014-05-08,55,Female,Canada,Not applicable,No,Yes,No,Never,1-5,Yes,Yes,Yes,No,Yes,No,Yes,Very easy,Yes,Yes,No,No,Maybe,Yes,No,No,
2014-02-08,65,Other,Canada,Not applicable,No,No,No,Sometimes,500-1000,No,Yes,Yes,No,No,Don't know,No,Don't know,No,No,Yes,Yes,Maybe,No,Don't know,No,
2014-12-04,60,Male,United States,Illinois,No,No,Yes,Sometimes,1000+,No,Yes,Yes,Yes,Yes,No,No,Somewhat easy,Yes,No,Some of them,Some of them,No,No,No,Don't know,
2014-12-26,55,Male,United States,New York,No,Yes,No,Sometimes,1000+,No,Yes,Yes,No,No,Yes,No,Somewhat easy,No,No,Some of them,No,No,No,Don't know,Yes,
2014-05-09,60,Other,United States,Washington,No,Yes,Yes,Rarely,500-1000,No,Yes,No,Yes,Yes,Don't know,No,Don't know,Don't know,No,Yes,No,No,Yes,Yes,Yes,
2014-09-24,60,Male,India,Not applicable,No,Yes,Yes,Sometimes,6-25,Yes,Yes,Yes,Yes,No,Yes,Don't know,Somewhat difficult,Don't know,Yes,No,No,Maybe,Yes,Yes,No,
2014-05-31,45,Female,United States,Washington,No,Yes,No,Sometimes,6-25,No,No,No,No,No,Don't know,No,Somewhat difficult,Yes,Yes,No,Yes,No,Yes,No,No,
2014-10-25,18,Male,Canada,Not applicable,No,No,No,Often,26-100,Yes,Yes,Yes,Don't know,Don't know,No,Don't know,Very easy,Yes,Yes,Yes,No,No,No,Don't know,Yes,
2014-04-09,45,Male,Other,Not applicable,No,Yes,No,Rarely,1000+,No,Yes,Yes,No,Don't know,Yes,Don't know,Somewhat difficult,Don't know,No,Some of them,Yes,No,Yes,No,No,
2014-09-20,60,Female,United States,Florida,No,Yes,No,Sometimes,1000+,Yes,Yes,Yes,Yes,Yes,No,No,Don't know,No,No,Yes,Some of them,Maybe,No,Yes,Yes,
2014-09-09,35,Non-binary,United Kingdom,Not applicable,No,Yes,No,Sometimes,26-100,No,Yes,Yes,No,No,Don't know,No,Somewhat difficult,Yes,No,Some of them,Some of them,Maybe,No,Yes,No,
2014-05-24,40,Female,Australia,Not applicable,No,No,Yes,Often,500-1000,Yes,Yes,No,Don't know,Yes,Don't know,Don't know,Somewhat easy,No,No,No,No,Maybe,Yes,Yes,No,
2014-12-12,60,Male,Other,Not applicable,No,No,Yes,Rarely,100-500,Yes,Yes,Yes,No,Yes,Yes,Don't know,Very easy,Yes,Yes,No,Some of them,No,Yes,Yes,Yes,
2014-04-22,45,Non-binary,India,Not applicable,No,No,Yes,Sometimes,1-5,Yes,Yes,No,Don't know,Yes,Yes,Yes,Somewhat easy,Yes,Yes,Yes,No,No,Yes,Yes,No,
2014-03-01,35,Male,India,Not applicable,No,Yes,Yes,Rarely,100-500,No,Yes,Yes,No,Don't know,No,Yes,Somewhat difficult,Don't know,No,Yes,Some of them,No,Yes,Don't know,No,
2014-01-02,45,Male,France,Not applicable,Yes,No,No,Sometimes,1000+,No,No,No,No,Don't know,No,Don't know,Very easy,Yes,No,Yes,No,No,No,No,Yes,
2014-10-31,55,Male,Canada,Not applicable,No,No,Yes,Rarely,26-100,No,Yes,No,Yes,Yes,No,Yes,Somewhat difficult,Yes,No,Yes,No,No,No,No,Yes,
2014-09-11,25,Male,Australia,Not applicable,Yes,Yes,Yes,Never,1000+,Yes,Yes,Yes,Yes,Yes,Yes,Don't know,Somewhat difficult,Yes,Yes,Yes,No,Yes,No,Yes,Yes,
2014-05-20,50,Male,United States,Texas,No,Yes,No,Sometimes,26-100,No,Yes,Yes,Yes,Yes,Don't know,No,Very difficult,No,Yes,Some of them,Yes,No,Yes,Yes,No,
2014-02-06,21,Non-binary,Other,Not applicable,No,Yes,No,Rarely,1-5,No,Yes,Yes,No,No,No,Yes,Very easy,Yes,No,No,No,No,Maybe,No,Yes,
2014-06-09,65,Female,Canada,Not applicable,No,Yes,Yes,Never,6-25,Yes,Yes,No,Don't know,No,Don't know,Yes,Very difficult,No,Yes,Some of them,Yes,Maybe,Yes,Don't know,Yes,
2014-01-09,45,Male,United Kingdom,Not applicable,No,No,Yes,Rarely,1000+,No,Yes,Yes,Don't know,Yes,No,Yes,Somewhat difficult,No,Yes,No,Some of them,Yes,Yes,No,Yes,
2014-08-21,21,Male,United States,California,No,No,No,Never,100-500,No,Yes,No,Yes,No,No,Yes,Somewhat easy,Don't know,No,Some of them,Yes,No,No,Don't know,Yes,
2014-04-09,30,Non-binary,India,Not applicable,No,No,No,Often,500-1000,Yes,No,No,Yes,No,Don't know,No,Don't know,Yes,Yes,Some of them,No,No,No,Don't know,No,
2014-05-27,45,Non-binary,United States,Pennsylvania,No,No,No,Sometimes,100-500,Yes,No,Don't know,Yes,Don't know,No,No,Very easy,Don't know,Yes,Yes,No,No,Yes,Yes,No,
2014-10-31,25,Female,Netherlands,Not applicable,No,No,No,Often,100-500,No,Yes,No,Yes,No,Don't know,Don't know,Somewhat difficult,Yes,Don't know,Some of them,Yes,Maybe,No,Yes,Yes,
2014-07-27,21,Male,France,Not applicable,Yes,No,No,Rarely,1000+,Yes,Yes,No,No,No,Don't know,No,Somewhat easy,No,No,No,No,No,Maybe,No,No,
2014-05-11,65,Male,United States,Massachusetts,No,No,No,Often,100-500,No,No,Yes,Don't know,No,No,No,Somewhat difficult,Yes,Don't know,Some of them,No,Yes,No,No,No,
2014-06-01,60,Male,Australia,Not applicable,No,Yes,No,Sometimes,1000+,No,Yes,Don't know,Don't know,Don't know,No,No,Somewhat difficult,Yes,No,No,Yes,Yes,Yes,Yes,Yes,
2014-02-23,45,Male,Australia,Not applicable,No,Yes,No,Sometimes,6-25,No,Yes,No,No,Yes,Yes,No,Very easy,No,No,No,No,No,No,No,Yes,
2014-04-30,18,Male,Germany,Not applicable,No,No,Yes,Sometimes,500-1000,No,Yes,Yes,Don't know,No,Yes,No,Somewhat difficult,Yes,Yes,Yes,Yes,No,No,No,Don't know,
2014-06-10,50,Non-binary,United States,California,No,Yes,No,Sometimes,500-1000,Yes,Yes,Don't know,No,Don't know,Yes,Yes,Somewhat difficult,Yes,No,Yes,Yes,No,No,Don't know,No,
2014-04-26,25,Male,United States,Florida,No,Yes,No,Sometimes,1000+,No,Yes,Yes,Yes,Yes,Yes,Yes,Very difficult,Yes,Yes,No,No,No,No,Yes,No,
2014-03-16,21,Male,United States,Florida,No,No,Yes,Rarely,26-100,Yes,Yes,Don't know,No,Yes,Yes,Yes,Very easy,No,Yes,Some of them,No,Yes,Maybe,Yes,Yes,
2014-04-23,25,Male,United States,Massachusetts,Yes,No,No,Never,500-1000,No,Yes,Don't know,No,No,Yes,Yes,Somewhat easy,Yes,Don't know,No,Some of them,Maybe,No,No,No,
2014-04-14,35,Male,Other,Not applicable,No,No,Yes,Sometimes,100-500,No,Yes,Yes,No,Don't know,No,No,Somewhat difficult,Yes,No,Yes,Some of them,Maybe,Yes,No,No,
2014-12-06,65,Male,United States,Pennsylvania,No,No,No,Sometimes,100-500,No,No,No,Yes,No,No,Yes,Very easy,Yes,Don't know,Some of them,No,Maybe,No,No,No,
2014-09-11,50,Male,France,Not applicable,No,No,No,Never,6-25,No,Yes,Yes,Yes,Don't know,Yes,Don't know,Somewhat difficult,No,No,Some of them,No,Maybe,Yes,Don't know,Don't know,
2014-08-15,60,Male,United States,Texas,Yes,No,No,Rarely,6-25,No,Yes,Yes,Yes,No,Yes,Don't know,Very easy,Yes,No,Yes,No,No,Yes,No,Don't know,
2014-04-22,45,Female,United Kingdom,Not applicable,No,No,No,Sometimes,1000+,Yes,Yes,Yes,Don't know,Yes,No,Don't know,Somewhat easy,Yes,No,Yes,Yes,No,No,No,Don't know,
2014-04-09,45,Other,Australia,Not applicable,No,No,Yes,Often,500-1000,No,No,No,No,No,No,Don't know,Very difficult,Yes,No,Yes,No,No,Yes,Yes,Yes,
2014-06-02,45,Male,Netherlands,Not applicable,No,No,No,Never,100-500,Yes,No,Yes,No,No,No,Yes,Very difficult,Yes,No,Some of them,Some of them,Yes,No,No,Don't know,
2014-12-15,50,Male,United States,Massachusetts,No,No,No,Rarely,1000+,No,Yes,Yes,No,Yes,No,No,Somewhat difficult,No,Don't know,Some of them,No,No,No,No,Yes,
2014-12-04,18,Female,Canada,Not applicable,No,No,No,Often,6-25,Yes,Yes,No,Yes,Yes,Don't know,Yes,Very difficult,No,Yes,Yes,Yes,Yes,No,Don't know,Don't know,
2014-07-13,30,Male,Canada,Not applicable,No,No,No,Sometimes,500-1000,No,No,Yes,No,Yes,No,Don't know,Somewhat difficult,Don't know,No,Yes,No,No,Maybe,Don't know,Yes,
2014-11-06,40,Male,United States,Massachusetts,No,Yes,No,Rarely,1000+,Yes,Yes,Yes,Don't know,No,No,Don't know,Somewhat difficult,Yes,No,Some of them,Yes,No,Yes,No,No,
2014-06-12,55,Non-binary,United States,Illinois,No,Yes,No,Often,1000+,No,Yes,Yes,No,Don't know,Don't know,Don't know,Don't know,Don't know,Yes,Some of them,No,No,No,No,Yes,
2014-07-27,21,Male,Canada,Not applicable,Yes,Yes,Yes,Sometimes,100-500,No,Yes,Yes,Don't know,No,Don't know,No,Somewhat difficult,Yes,No,Some of them,No,Yes,No,Yes,No,
2014-06-18,18,Male,Canada,Not applicable,No,No,No,Sometimes,500-1000,No,Yes,Yes,Yes,Don't know,No,No,Somewhat difficult,Don't know,No,No,No,No,Yes,Yes,Yes,
2014-06-10,60,Male,India,Not applicable,No,Yes,No,Often,100-500,Yes,Yes,Yes,Yes,Yes,No,Yes,Somewhat easy,Yes,Yes,Yes,No,Yes,Yes,Yes,Yes,
2014-03-09,21,Male,United States,Pennsylvania,No,Yes,No,Often,1000+,No,Yes,Don't know,Don't know,Don't know,Yes,Yes,Don't know,No,Yes,No,Some of them,Maybe,Yes,Yes,No,
2014-10-16,45,Male,Canada,Not applicable,No,No,Yes,Rarely,100-500,Yes,Yes,No,Don't know,Don't know,No,No,Somewhat easy,Yes,No,Yes,Yes,No,No,No,No,
2014-10-04,25,Female,Canada,Not applicable,No,Yes,Yes,Never,500-1000,No,No,Yes,Don't know,No,Don't know,No,Very easy,Yes,No,Some of them,Some of them,No,No,Yes,Yes,
2014-10-31,60,Male,India,Not applicable,No,No,No,Rarely,1-5,Yes,No,Yes,No,Don't know,No,Don't know,Very easy,Don't know,No,No,No,No,Yes,No,Yes,
2014-05-15,21,Male,Netherlands,Not applicable,Yes,Yes,No,Never,100-500,No,No,Yes,Don't know,Yes,Don't know,Yes,Very easy,No,Yes,Some of them,Some of them,Yes,No,No,Yes,
2014-07-14,65,Female,United Kingdom,Not applicable,No,No,No,Never,100-500,Yes,No,No,Don't know,Don't know,No,Don't know,Somewhat easy,Don't know,Yes,No,No,No,Yes,No,No,
2014-05-08,45,Male,Australia,Not applicable,No,No,No,Rarely,500-1000,No,Yes,Yes,Don't know,Don't know,Don't know,No,Very difficult,No,Don't know,Some of them,Yes,No,No,No,Don't know,
2014-02-02,21,Male,United States,Texas,No,No,No,Often,500-1000,No,Yes,Yes,No,No,No,Don't know,Somewhat difficult,No,Don't know,Yes,Some of them,Maybe,Maybe,Yes,No,
2014-06-25,25,Non-binary,United Kingdom,Not applicable,No,No,No,Often,1000+,Yes,Yes,Don't know,Yes,No,Yes,Don't know,Very easy,Yes,No,No,No,No,Yes,Don't know,Yes,
2014-01-22,65,Male,United States,Washington,No,No,Yes,Sometimes,500-1000,No,No,Yes,Don't know,Yes,No,Don't know,Very difficult,Don't know,Don't know,No,Yes,Yes,Maybe,Yes,Yes,
2014-08-26,45,Female,Canada,Not applicable,No,Yes,No,Sometimes,26-100,No,Yes,Yes,No,No,Yes,Yes,Somewhat difficult,No,No,Yes,Yes,No,No,Don't know,Don't know,
2014-06-07,30,Female,India,Not applicable,No,Yes,Yes,Never,1000+,Yes,No,Don't know,No,No,Yes,Don't know,Somewhat difficult,No,Yes,Some of them,No,No,Maybe,Yes,Yes,
2014-02-07,18,Male,Netherlands,Not applicable,No,Yes,No,Rarely,6-25,No,Yes,No,No,No,Don't know,Yes,Somewhat easy,Yes,Yes,No,No,Yes,Yes,No,No,
2014-08-18,35,Male,United States,Illinois,No,No,No,Never,500-1000,No,No,Yes,No,No,Yes,Yes,Very difficult,No,Don't know,No,No,No,Yes,Yes,Yes,
2014-12-31,55,Other,Germany,Not applicable,No,No,No,Sometimes,1000+,Yes,Yes,No,No,Don't know,No,No,Somewhat easy,Don't know,No,Some of them,No,Maybe,Yes,Yes,No,
2014-02-20,50,Male,Germany,Not applicable,No,No,No,Never,6-25,No,Yes,Yes,Yes,Yes,Yes,Don't know,Very easy,Yes,No,Some of them,No,No,No,No,Don't know,
2014-09-21,55,Female,United States,New York,No,Yes,No,Often,1000+,Yes,No,No,Don't know,Don't know,Yes,No,Somewhat easy,Yes,Don't know,No,No,No,No,No,Yes,
2014-10-10,60,Male,United States,Pennsylvania,No,No,No,Sometimes,500-1000,Yes,Yes,Yes,No,Don't know,Don't know,Don't know,Somewhat difficult,Yes,No,Some of them,No,No,Yes,Yes,No,
2014-01-27,55,Male,United States,Texas,No,No,Yes,Rarely,100-500,No,No,Don't know,No,No,No,No,Somewhat difficult,No,Yes,Yes,Yes,Maybe,No,No,No,
2014-08-14,45,Male,United States,Florida,No,No,No,Never,26-100,No,Yes,Don't know,Yes,Yes,No,Yes,Very easy,Yes,Yes,Yes,Some of them,No,Yes,Yes,Yes,
2014-10-04,30,Non-binary,United States,Illinois,Yes,No,Yes,Sometimes,100-500,No,Yes,Don't know,Yes,Yes,No,Don't know,Very easy,Yes,Yes,No,Yes,No,Yes,No,Yes,
2014-10-13,35,Other,United States,Texas,No,Yes,No,Often,1000+,No,Yes,Don't know,Yes,Yes,No,Yes,Somewhat difficult,Yes,Yes,No,No,Maybe,No,Don't know,No,
2014-04-07,18,Male,United States,California,No,No,Yes,Sometimes,26-100,No,Yes,No,No,No,Don't know,Don't know,Somewhat difficult,No,No,No,No,Yes,Yes,Don't know,Yes,
2014-10-11,18,Male,India,Not applicable,No,No,Yes,Rarely,100-500,No,Yes,Yes,Yes,No,No,Yes,Somewhat easy,Yes,Yes,Yes,No,No,Yes,No,No,
2014-11-13,25,Female,United Kingdom,Not applicable,No,Yes,No,Sometimes,6-25,Yes,Yes,Yes,Don't know,Don't know,No,No,Very difficult,Yes,Yes,No,Yes,Maybe,Yes,Yes,Yes,
2014-10-31,50,Male,Other,Not applicable,No,Yes,No,Rarely,26-100,No,Yes,No,Yes,No,Don't know,No,Don't know,Don't know,No,Some of them,Yes,No,Maybe,Yes,Yes,
2014-05-27,21,Male,Canada,Not applicable,No,No,No,Often,500-1000,No,Yes,Don't know,Yes,No,Yes,Yes,Somewhat easy,Don't know,No,No,No,No,No,Don't know,Yes,
2014-01-04,30,Female,India,Not applicable,Yes,No,Yes,Sometimes,26-100,Yes,Yes,Yes,Yes,No,No,No,Somewhat difficult,Yes,No,Some of them,Some of them,No,No,Yes,Yes,
2014-02-04,21,Male,Netherlands,Not applicable,No,No,No,Sometimes,1000+,No,Yes,Don't know,Yes,Don't know,Don't know,Yes,Very easy,No,No,Some of them,No,No,No,Don't know,Yes,
2014-07-11,35,Prefer not to say,India,Not applicable,No,Yes,Yes,Rarely,100-500,Yes,No,Don't know,No,Don't know,No,Yes,Somewhat difficult,No,No,Yes,No,No,No,No,Yes,
2014-02-18,55,Male,Canada,Not applicable,Yes,No,No,Sometimes,100-500,No,Yes,Don't know,Don't know,Don't know,Don't know,Yes,Somewhat easy,Yes,Don't know,Yes,No,No,Yes,Don't know,No,
2014-01-17,18,Male,India,Not applicable,No,No,No,Rarely,1-5,No,Yes,Don't know,No,No,No,No,Very easy,Yes,Yes,Yes,Yes,No,No,No,Don't know,
2014-06-21,35,Male,United States,Massachusetts,No,No,No,Never,1000+,No,Yes,Yes,Yes,No,Don't know,No,Very difficult,No,Yes,Some of them,Yes,No,No,No,No,
2014-08-08,55,Female,United States,New York,No,No,No,Rarely,6-25,Yes,Yes,Yes,Yes,Don't know,Don't know,No,Very difficult,Yes,Don't know,Yes,Yes,No,No,No,Yes,
2014-06-07,18,Male,United Kingdom,Not applicable,No,Yes,Yes,Often,100-500,No,Yes,Yes,No,No,Yes,Don't know,Very easy,Yes,No,Yes,No,Maybe,No,Don't know,Don't know,
2014-02-15,55,Male,United Kingdom,Not applicable,No,No,No,Sometimes,100-500,Yes,No,Yes,Don't know,Yes,Yes,No,Very easy,Don't know,No,Some of them,Yes,Yes,No,Don't know,Yes,
2014-01-06,50,Male,United States,Washington,No,Yes,No,Never,100-500,No,No,No,Yes,Yes,No,No,Somewhat easy,No,Yes,No,Yes,Maybe,Yes,No,Yes,
2014-04-09,30,Female,Other,Not applicable,No,No,No,Often,500-1000,No,Yes,Don't know,No,Yes,No,No,Somewhat difficult,No,No,Yes,No,No,Maybe,No,Yes,
2014-08-21,65,Male,India,Not applicable,No,No,No,Rarely,500-1000,No,Yes,Don't know,No,No,Yes,No,Very difficult,Yes,Don't know,Yes,Some of them,No,Yes,No,Yes,
2014-02-06,60,Male,Canada,Not applicable,No,No,Yes,Rarely,6-25,No,No,No,Yes,Yes,Yes,No,Somewhat difficult,No,No,Some of them,Some of them,Maybe,Maybe,No,Don't know,
2014-10-07,35,Female,Other,Not applicable,Yes,No,No,Rarely,100-500,No,Yes,Yes,No,Yes,Yes,Yes,Somewhat difficult,Yes,Yes,Some of them,No,No,Yes,Don't know,Yes,
2014-12-15,35,Male,Canada,Not applicable,Yes,No,No,Sometimes,500-1000,Yes,Yes,Yes,Yes,Yes,Don't know,Don't know,Very difficult,No,Don't know,Yes,Yes,Yes,Yes,No,No,
2014-10-29,65,Male,Other,Not applicable,No,No,Yes,Sometimes,100-500,Yes,Yes,Yes,No,No,No,No,Somewhat difficult,No,No,No,No,Yes,No,No,Yes,
2014-06-30,40,Non-binary,United Kingdom,Not applicable,No,No,Yes,Sometimes,6-25,No,Yes,Yes,Yes,No,No,Yes,Somewhat difficult,No,No,Some of them,Yes,No,Yes,No,No,
2014-04-05,45,Male,United States,Massachusetts,No,No,Yes,Sometimes,26-100,No,No,No,No,No,Yes,No,Somewhat difficult,Yes,Yes,Some of them,No,No,No,No,No,
2014-04-09,50,Female,Australia,Not applicable,No,No,No,Rarely,26-100,Yes,Yes,Yes,Yes,Yes,No,Yes,Very difficult,No,No,Some of them,No,Maybe,No,Don't know,Yes,
2014-07-07,50,Male,India,Not applicable,No,No,No,Sometimes,6-25,No,Yes,Yes,Don't know,Yes,Yes,Yes,Somewhat easy,Don't know,Yes,No,No,No,No,No,No,
2014-04-26,65,Female,Australia,Not applicable,No,Yes,Yes,Never,100-500,No,Yes,Yes,Yes,No,Yes,Yes,Somewhat easy,No,Yes,Some of them,Some of them,Maybe,Yes,Yes,No,
2014-07-10,21,Male,Other,Not applicable,No,No,No,Sometimes,100-500,Yes,No,No,Don't know,No,Don't know,No,Very easy,Yes,No,Yes,No,No,Yes,No,No,
2014-09-10,55,Male,Australia,Not applicable,No,Yes,No,Sometimes,1-5,No,No,Yes,Don't know,Yes,Don't know,No,Very difficult,No,No,Yes,No,Maybe,Yes,Yes,No,
2014-06-10,45,Other,Germany,Not applicable,No,No,No,Sometimes,500-1000,No,Yes,Yes,Don't know,Yes,Yes,Don't know,Somewhat easy,Yes,No,No,Yes,Yes,No,No,No,
2014-09-13,30,Female,France,Not applicable,No,Yes,Yes,Sometimes,1000+,Yes,Yes,Yes,No,Don't know,Yes,Yes,Somewhat easy,Don't know,No,No,Some of them,Maybe,No,Don't know,Yes,
2014-11-19,30,Male,India,Not applicable,Yes,No,Yes,Sometimes,1000+,Yes,Yes,Don't know,No,No,Yes,No,Don't know,No,Yes,Some of them,Yes,No,No,No,No,
2014-05-08,65,Male,Canada,Not applicable,No,No,No,Never,1000+,No,No,Yes,Yes,Yes,No,No,Don't know,Yes,No,Yes,Some of them,Maybe,Maybe,Don't know,Yes,
2014-01-18,50,Non-binary,Netherlands,Not applicable,No,No,Yes,Often,26-100,No,No,No,Yes,Yes,Yes,Yes,Don't know,Yes,Don't know,Some of them,No,Yes,No,Yes,Yes,
2014-10-08,30,Male,United States,California,Yes,No,Yes,Never,1-5,No,Yes,No,No,Don't know,Yes,No,Very easy,Yes,Yes,Yes,Yes,No,Maybe,Don't know,Don't know,
2014-08-11,40,Female,India,Not applicable,No,Yes,No,Never,1000+,Yes,No,No,Yes,No,Yes,Yes,Very difficult,Don't know,No,No,Some of them,No,Yes,No,Yes,
2014-02-23,35,Female,Netherlands,Not applicable,No,Yes,No,Sometimes,1-5,No,Yes,Don't know,Don't know,No,No,Yes,Somewhat easy,Yes,No,Yes,Yes,Maybe,Yes,Yes,Yes,
2014-02-27,25,Male,India,Not applicable,No,Yes,Yes,Sometimes,26-100,No,Yes,Yes,Yes,No,No,No,Very easy,No,No,No,Some of them,No,Yes,No,Yes,
2014-11-19,60,Male,India,Not applicable,No,No,Yes,Never,100-500,No,Yes,Yes,No,No,No,No,Somewhat easy,Don't know,No,No,Yes,No,Yes,Don't know,Yes,
2014-12-26,65,Female,India,Not applicable,No,No,Yes,Often,6-25,No,Yes,Yes,No,No,No,Yes,Somewhat difficult,Yes,No,No,Some of them,No,No,Yes,Yes,
2014-06-23,21,Male,Canada,Not applicable,No,No,Yes,Often,1000+,Yes,Yes,No,No,No,Don't know,Yes,Very easy,Yes,Yes,Yes,No,No,No,No,Don't know,
2014-10-07,55,Male,Netherlands,Not applicable,No,Yes,No,Sometimes,500-1000,No,Yes,Yes,No,No,Don't know,Yes,Somewhat difficult,No,Don't know,No,No,Yes,No,Don't know,Yes,
2014-04-24,60,Non-binary,United States,California,No,Yes,No,Sometimes,500-1000,Yes,Yes,Yes,Yes,Yes,Yes,Yes,Very difficult,No,No,Some of them,No,No,No,Yes,No,
2014-10-15,55,Male,United States,New York,No,No,No,Sometimes,1000+,Yes,Yes,No,No,Don't know,Yes,Yes,Somewhat easy,Yes,No,Yes,Yes,No,Maybe,No,Yes,
2014-12-08,18,Female,United States,Washington,No,No,No,Rarely,26-100,No,Yes,No,Yes,No,No,No,Somewhat easy,Yes,No,Yes,Some of them,No,Maybe,No,No,
2014-05-31,60,Male,United Kingdom,Not applicable,No,No,No,Sometimes,500-1000,No,Yes,Yes,Don't know,Yes,Yes,No,Somewhat easy,No,No,Yes,Yes,Maybe,Yes,Yes,Don't know,
2014-05-07,25,Male,United Kingdom,Not applicable,No,No,Yes,Often,100-500,No,Yes,No,No,Don't know,No,No,Don't know,Don't know,No,Some of them,No,Maybe,Yes,No,Yes,
2014-06-04,50,Male,France,Not applicable,No,No,No,Often,500-1000,No,Yes,No,Don't know,Don't know,No,No,Very easy,Yes,No,No,No,Yes,Yes,Yes,No,
2014-09-30,40,Male,Canada,Not applicable,No,Yes,No,Often,6-25,Yes,Yes,Yes,Yes,Don't know,No,No,Somewhat easy,Yes,No,Yes,No,Yes,Yes,No,Don't know,
2014-04-14,35,Male,Canada,Not applicable,No,No,No,Rarely,500-1000,Yes,No,Yes,Yes,Don't know,Yes,Yes,Somewhat easy,Yes,No,Some of them,Yes,No,No,Yes,No,
2014-10-26,35,Male,United States,Florida,No,No,Yes,Rarely,1000+,Yes,No,No,Yes,Don't know,No,Yes,Very difficult,Don't know,Yes,No,Yes,No,No,Yes,Yes,
2014-09-03,40,Female,Canada,Not applicable,No,Yes,No,Rarely,1-5,No,No,No,Yes,Yes,Don't know,Don't know,Very easy,Yes,No,Yes,Yes,Yes,Yes,No,No,
2014-06-25,45,Male,Germany,Not applicable,No,No,No,Rarely,6-25,No,Yes,Yes,Yes,Don't know,Yes,Yes,Somewhat easy,Don't know,No,Some of them,Some of them,No,No,No,No,
2014-02-08,18,Male,United States,Illinois,No,Yes,No,Rarely,6-25,Yes,Yes,Yes,No,Don't know,No,Yes,Somewhat easy,Yes,Yes,No,Yes,No,No,Yes,Yes,
2014-06-19,55,Male,United States,Pennsylvania,Yes,No,Yes,Rarely,100-500,No,Yes,No,Yes,Yes,Yes,Yes,Very difficult,Don't know,Yes,No,Some of them,No,Yes,Don't know,Yes,
2014-09-04,25,Male,United States,Washington,No,Yes,No,Sometimes,26-100,Yes,Yes,Don't know,No,Yes,Yes,No,Somewhat easy,No,Yes,No,Yes,No,Yes,Don't know,Yes,
2014-01-26,30,Male,United States,Pennsylvania,No,No,No,Sometimes,1000+,No,Yes,No,Don't know,Don't know,No,No,Somewhat difficult,No,Don't know,Some of them,Yes,No,Maybe,Don't know,Yes,
2014-12-21,60,Male,Canada,Not applicable,No,Yes,No,Sometimes,100-500,No,Yes,Yes,No,Yes,Yes,Don't know,Very easy,Yes,No,Yes,No,No,No,No,Don't know,
2014-11-02,18,Male,United States,Texas,Yes,No,No,Often,100-500,Yes,No,Yes,Yes,Don't know,Yes,Don't know,Don't know,No,No,Yes,Yes,Maybe,Yes,Don't know,Yes,
2014-01-13,65,Male,India,Not applicable,No,No,Yes,Never,500-1000,No,Yes,Don't know,Yes,Yes,Yes,No,Somewhat difficult,Yes,Don't know,Yes,No,No,Yes,Don't know,Yes,
2014-11-12,60,Male,France,Not applicable,No,No,Yes,Never,100-500,No,No,Yes,No,Yes,No,No,Somewhat difficult,Yes,No,Some of them,Some of them,Yes,Yes,No,No,
2014-11-09,25,Female,United Kingdom,Not applicable,No,No,Yes,Sometimes,100-500,No,No,Don't know,Yes,No,No,Yes,Somewhat easy,Yes,Don't know,No,Yes,No,Yes,Yes,Yes,
2014-02-05,21,Male,Other,Not applicable,No,No,No,Sometimes,500-1000,No,Yes,Don't know,No,Yes,Yes,Yes,Somewhat easy,Don't know,No,No,No,Yes,No,Yes,Yes,
2014-06-22,21,Male,Canada,Not applicable,Yes,Yes,Yes,Sometimes,500-1000,Yes,No,Yes,Yes,No,No,Yes,Somewhat easy,No,Yes,Yes,No,No,Yes,No,No,
2014-01-20,18,Male,United Kingdom,Not applicable,Yes,Yes,No,Never,1-5,No,Yes,Don't know,Don't know,No,Yes,Yes,Somewhat difficult,No,No,No,Yes,Yes,Yes,Don't know,Yes,
2014-11-17,50,Male,Other,Not applicable,No,Yes,No,Rarely,6-25,No,No,Yes,No,Yes,No,Yes,Don't know,No,No,Some of them,Yes,No,Yes,No,Yes,
2014-09-21,25,Non-binary,United States,California,No,No,Yes,Sometimes,26-100,Yes,Yes,Don't know,No,Yes,No,Yes,Somewhat easy,Yes,No,No,Some of them,No,No,No,Yes,
2014-05-22,25,Male,Other,Not applicable,No,Yes,No,Often,100-500,Yes,No,Yes,Yes,No,No,Yes,Very difficult,Don't know,No,Some of them,Yes,No,Yes,Yes,No,
2014-05-23,40,Male,United States,Texas,Yes,No,No,Often,26-100,No,Yes,Yes,Yes,Yes,Don't know,Don't know,Very easy,No,No,Yes,Some of them,Yes,Yes,Yes,No,
2014-04-02,50,Male,Canada,Not applicable,No,No,No,Sometimes,500-1000,Yes,No,No,No,No,Don't know,No,Don't know,No,No,Some of them,No,No,No,No,Don't know,
2014-12-20,55,Male,United States,Florida,No,Yes,No,Sometimes,1000+,No,Yes,No,No,No,Yes,Don't know,Somewhat easy,No,Yes,Yes,Yes,Yes,No,Don't know,Yes,
2014-11-18,55,Male,India,Not applicable,No,Yes,No,Often,6-25,No,Yes,Yes,Yes,Yes,Don't know,No,Somewhat easy,Don't know,Don't know,No,No,Yes,Yes,No,No,
2014-10-15,30,Male,Germany,Not applicable,No,Yes,Yes,Sometimes,100-500,No,No,No,Yes,No,Yes,No,Somewhat difficult,Don't know,Don't know,Some of them,Some of them,Maybe,Yes,Don't know,Don't know,
2014-08-03,35,Non-binary,India,Not applicable,No,No,No,Sometimes,100-500,No,No,Yes,Yes,Yes,Don't know,Yes,Somewhat difficult,No,Don't know,Some of them,No,No,No,Yes,Yes,
2014-12-08,21,Male,United States,Texas,Yes,Yes,Yes,Often,100-500,Yes,Yes,Yes,No,Yes,Yes,Yes,Somewhat difficult,Yes,No,Yes,No,Yes,Maybe,No,Don't know,
2014-02-20,65,Male,United States,Washington,Yes,Yes,No,Sometimes,500-1000,Yes,Yes,Yes,Yes,Yes,No,Yes,Somewhat difficult,No,No,No,Some of them,No,Yes,No,Don't know,
2014-06-02,55,Male,United States,Texas,No,No,Yes,Often,1000+,No,Yes,Yes,No,Don't know,Yes,Don't know,Somewhat difficult,No,No,Yes,Yes,No,Yes,Don't know,Yes,
2014-07-05,50,Male,United States,Florida,No,No,No,Rarely,6-25,No,No,Yes,No,Don't know,Yes,Don't know,Very easy,Yes,Yes,Some of them,Some of them,No,Yes,Yes,Yes,
2014-03-04,25,Male,Other,Not applicable,Yes,Yes,No,Sometimes,6-25,No,No,Yes,No,Don't know,No,Yes,Somewhat easy,Yes,Yes,No,Some of them,No,No,Yes,Yes,
2014-07-09,65,Female,United States,Florida,No,Yes,No,Often,500-1000,No,No,Yes,Don't know,No,Don't know,Yes,Somewhat easy,Yes,No,No,No,Maybe,No,Yes,Yes,
2014-05-05,55,Female,France,Not applicable,Yes,Yes,Yes,Never,100-500,Yes,Yes,Yes,Don't know,Yes,No,No,Somewhat difficult,No,Don't know,Yes,Some of them,No,No,Don't know,Don't know,
2014-05-30,25,Male,France,Not applicable,No,No,No,Sometimes,6-25,Yes,Yes,Yes,No,No,No,Yes,Somewhat difficult,Yes,Yes,Some of them,No,No,No,Yes,Don't know,
2014-11-10,55,Female,United States,Florida,No,No,No,Never,6-25,No,Yes,Don't know,Yes,No,No,No,Somewhat difficult,Yes,Don't know,No,No,No,Maybe,Yes,Yes,
2014-02-27,21,Other,Germany,Not applicable,No,Yes,No,Often,100-500,No,No,Yes,No,Don't know,Yes,Yes,Somewhat difficult,No,No,Yes,No,No,Maybe,No,No,
2014-12-08,60,Non-binary,United States,Washington,No,Yes,Yes,Sometimes,26-100,Yes,Yes,Don't know,No,Yes,Yes,No,Somewhat easy,No,No,No,No,Maybe,No,No,No,
2014-11-01,55,Male,United States,Florida,No,No,No,Never,1000+,Yes,No,No,No,Yes,Yes,Yes,Very difficult,Yes,Yes,Yes,No,Maybe,No,Don't know,Yes,
2014-06-29,50,Female,United States,California,No,No,No,Sometimes,100-500,Yes,Yes,No,No,No,No,No,Very easy,Yes,No,No,Yes,No,Yes,Don't know,No,
2014-06-19,55,Male,Germany,Not applicable,No,Yes,Yes,Sometimes,26-100,Yes,Yes,No,Yes,Don't know,Yes,Yes,Somewhat difficult,Don't know,Don't know,Some of them,No,Maybe,No,No,Don't know,
2014-11-22,35,Prefer not to say,Canada,Not applicable,No,No,No,Sometimes,500-1000,No,Yes,Don't know,No,Don't know,Yes,No,Very easy,No,No,Some of them,Yes,No,No,Don't know,Yes,
2014-09-28,65,Male,United Kingdom,Not applicable,Yes,Yes,No,Rarely,26-100,No,Yes,Yes,Yes,No,Yes,Don't know,Somewhat difficult,Yes,No,No,Yes,No,No,No,Yes,
2014-02-23,65,Male,United Kingdom,Not applicable,No,Yes,No,Often,100-500,No,Yes,No,No,Don't know,Yes,Yes,Somewhat difficult,Don't know,Yes,Some of them,No,Maybe,Yes,Yes,Yes,
2014-04-11,21,Female,United States,Massachusetts,No,No,Yes,Sometimes,100-500,No,Yes,No,Yes,No,Don't know,Don't know,Somewhat easy,Yes,Yes,No,Some of them,Yes,No,Don't know,Yes,
2014-09-21,50,Male,India,Not applicable,No,No,No,Sometimes,100-500,No,Yes,No,No,Don't know,Yes,Don't know,Somewhat difficult,Don't know,Yes,Yes,No,No,No,No,Yes,
2014-02-22,40,Prefer not to say,India,Not applicable,No,No,No,Never,500-1000,No,No,Don't know,Yes,Don't know,No,Don't know,Very easy,Yes,No,Some of them,No,No,No,No,Yes,
2014-03-01,50,Other,United States,Florida,No,No,No,Often,26-100,Yes,Yes,Yes,No,Don't know,No,No,Somewhat easy,Yes,No,Yes,Yes,Maybe,Yes,No,No,
2014-04-18,65,Female,United States,Texas,No,No,No,Never,1000+,No,Yes,No,No,No,No,No,Somewhat difficult,Yes,No,Yes,No,Maybe,No,No,No,
2014-01-05,35,Male,India,Not applicable,No,No,No,Sometimes,500-1000,Yes,Yes,No,Yes,Yes,Yes,Don't know,Very difficult,Yes,Yes,Some of them,Yes,Maybe,Yes,Yes,Yes,
2014-04-13,60,Female,United States,Illinois,No,No,No,Often,26-100,Yes,Yes,Yes,No,No,Yes,Yes,Somewhat easy,No,No,Yes,Yes,Maybe,Maybe,No,Yes,
2014-07-15,21,Male,India,Not applicable,No,No,Yes,Rarely,6-25,Yes,No,Yes,No,No,Yes,No,Somewhat easy,No,No,Some of them,No,No,No,Don't know,No,
2014-09-19,40,Male,United States,Texas,No,No,No,Sometimes,26-100,No,Yes,No,No,Don't know,No,Don't know,Somewhat difficult,Don't know,Yes,Some of them,No,Yes,Yes,No,No,
2014-12-31,35,Female,United States,Illinois,Yes,Yes,No,Rarely,26-100,Yes,No,Don't know,Yes,Yes,Yes,No,Somewhat difficult,Yes,No,No,Yes,Yes,Yes,Yes,Yes,
2014-12-16,35,Male,United States,Texas,No,No,Yes,Sometimes,100-500,Yes,Yes,Yes,No,Yes,No,Don't know,Somewhat easy,Yes,Yes,Yes,No,No,No,Don't know,Yes,
2014-02-16,18,Male,United States,Washington,No,No,Yes,Sometimes,1-5,No,Yes,Don't know,No,No,No,No,Very difficult,Yes,No,No,Some of them,No,Yes,Yes,No,
2014-12-21,21,Other,Germany,Not applicable,Yes,No,No,Often,1000+,No,Yes,Yes,No,Yes,No,Don't know,Somewhat difficult,Yes,No,Yes,Yes,No,Maybe,Yes,Yes,
2014-11-07,50,Male,Canada,Not applicable,No,Yes,No,Often,6-25,No,Yes,Yes,No,No,No,No,Very easy,No,Don't know,No,Yes,No,No,Yes,Yes,
2014-11-04,25,Male,Australia,Not applicable,No,No,No,Sometimes,26-100,No,Yes,Yes,No,No,No,No,Somewhat easy,Yes,Yes,Some of them,No,Maybe,Yes,Yes,Yes,
2014-05-24,60,Non-binary,France,Not applicable,No,No,No,Sometimes,6-25,Yes,No,Yes,Yes,No,Don't know,No,Somewhat difficult,No,No,No,Yes,No,No,No,Yes,
2014-09-26,25,Male,United Kingdom,Not applicable,No,Yes,Yes,Sometimes,26-100,Yes,Yes,Yes,Yes,Yes,Yes,Don't know,Somewhat difficult,No,Yes,No,Some of them,Maybe,Yes,No,Yes,
2014-05-04,50,Female,India,Not applicable,No,No,No,Rarely,1000+,No,Yes,Yes,Yes,Don't know,No,Don't know,Somewhat easy,Yes,No,No,No,Maybe,No,Don't know,Yes,
2014-04-16,50,Prefer not to say,United States,Texas,Yes,Yes,No,Sometimes,500-1000,No,Yes,No,Yes,No,No,Don't know,Don't know,No,No,No,No,No,Yes,Don't know,No,
2014-06-07,21,Non-binary,Canada,Not applicable,No,Yes,No,Often,26-100,No,Yes,No,No,Don't know,No,No,Somewhat easy,Yes,Yes,Some of them,No,No,Maybe,Don't know,No,
2014-05-27,50,Female,India,Not applicable,No,No,Yes,Rarely,1000+,No,Yes,Yes,No,No,Yes,Yes,Somewhat difficult,Yes,No,Yes,No,No,No,No,Don't know,
2014-05-25,65,Male,United States,Washington,No,No,No,Rarely,1000+,No,Yes,Yes,Yes,Yes,No,Yes,Very easy,No,No,Some of them,Yes,No,No,No,Yes,
2014-04-30,18,Male,Germany,Not applicable,Yes,No,Yes,Rarely,500-1000,No,Yes,Yes,Don't know,Yes,Yes,Don't know,Very difficult,No,No,No,Some of them,No,Yes,Don't know,Yes,
2014-11-15,40,Female,United States,Washington,No,Yes,No,Rarely,1000+,Yes,Yes,No,No,Yes,Yes,No,Very difficult,Yes,No,Yes,No,Yes,Yes,No,No,
2014-10-02,50,Non-binary,Germany,Not applicable,No,No,No,Never,500-1000,Yes,Yes,Yes,Don't know,No,Yes,Yes,Very easy,No,Don't know,Yes,Yes,No,No,No,No,
2014-04-02,25,Male,Netherlands,Not applicable,No,Yes,No,Sometimes,100-500,No,No,Yes,No,Yes,Yes,Yes,Don't know,Yes,Don't know,No,No,Yes,No,No,Yes,
2014-02-27,50,Male,Netherlands,Not applicable,No,Yes,Yes,Sometimes,100-500,Yes,Yes,Don't know,No,No,No,Don't know,Somewhat easy,No,Don't know,No,Yes,No,Yes,No,Yes,
2014-12-12,18,Male,India,Not applicable,No,Yes,No,Sometimes,26-100,Yes,Yes,Don't know,Yes,No,Don't know,Don't know,Somewhat difficult,No,No,Yes,Yes,No,Yes,No,Yes,
2014-08-17,65,Male,India,Not applicable,No,No,No,Rarely,100-500,Yes,No,Yes,Yes,Yes,Yes,Don't know,Very difficult,No,No,Some of them,No,No,Yes,No,Yes,
2014-04-27,65,Female,United Kingdom,Not applicable,No,No,No,Sometimes,1000+,Yes,Yes,Yes,Yes,Yes,Don't know,No,Somewhat difficult,Don't know,No,No,No,Maybe,No,No,Yes,
2014-11-14,55,Male,Germany,Not applicable,No,No,No,Often,100-500,Yes,Yes,Yes,No,No,Don't know,No,Don't know,No,Yes,Some of them,No,No,Yes,No,Don't know,
2014-10-06,65,Non-binary,United States,Florida,No,No,No,Often,1000+,Yes,Yes,No,Yes,Don't know,Don't know,Yes,Very difficult,Yes,No,Yes,Yes,Maybe,Yes,No,Yes,
2014-05-07,55,Female,Canada,Not applicable,Yes,Yes,No,Sometimes,100-500,No,Yes,No,No,Yes,Don't know,Yes,Don't know,Yes,No,Yes,No,No,Yes,Don't know,Don't know,
2014-05-09,35,Male,Canada,Not applicable,No,No,No,Never,500-1000,No,Yes,Yes,Yes,Yes,No,Don't know,Very easy,Don't know,Don't know,Yes,Yes,No,No,Don't know,No,
2014-02-27,60,Male,Other,Not applicable,Yes,No,No,Often,500-1000,No,No,No,Don't know,Don't know,Yes,Yes,Somewhat easy,Yes,No,Yes,No,No,Yes,Yes,Yes,
2014-05-02,30,Male,Canada,Not applicable,No,No,Yes,Sometimes,500-1000,No,No,Yes,Yes,Yes,No,No,Somewhat difficult,No,No,Some of them,No,No,Maybe,Yes,No,
2014-01-01,65,Male,United Kingdom,Not applicable,No,Yes,No,Rarely,500-1000,Yes,No,Yes,Yes,Don't know,No,No,Somewhat difficult,No,No,Yes,No,Maybe,Yes,No,No,
2014-08-27,40,Female,United Kingdom,Not applicable,No,No,No,Never,26-100,Yes,No,Yes,Yes,Yes,Don't know,No,Somewhat difficult,No,Don't know,No,Some of them,Maybe,Maybe,No,Yes,
2014-10-17,45,Female,Germany,Not applicable,No,No,Yes,Never,6-25,Yes,Yes,Yes,No,Don't know,Don't know,Don't know,Very easy,No,Yes,Yes,Some of them,No,No,Yes,Yes,
2014-04-06,35,Female,India,Not applicable,No,No,No,Never,1000+,No,Yes,Yes,Yes,No,No,Yes,Very difficult,No,No,No,Some of them,Yes,Yes,Yes,No,
2014-05-06,65,Male,United States,California,Yes,No,No,Never,1-5,No,No,Yes,No,Don't know,Yes,No,Don't know,No,No,Some of them,Some of them,No,Yes,Don't know,No,
2014-04-28,60,Male,United Kingdom,Not applicable,No,Yes,No,Often,100-500,Yes,No,Yes,Yes,No,Yes,Yes,Somewhat easy,Don't know,Yes,No,No,No,No,No,No,
2014-02-17,55,Female,France,Not applicable,Yes,No,No,Sometimes,100-500,Yes,Yes,Yes,Yes,No,Yes,Yes,Somewhat easy,No,Yes,No,Some of them,Yes,No,No,Yes,
2014-03-30,25,Male,Canada,Not applicable,Yes,Yes,Yes,Sometimes,100-500,No,No,No,Don't know,Yes,No,No,Very easy,Yes,No,Yes,Some of them,Maybe,No,No,Yes,
2014-08-25,45,Male,United States,Illinois,No,No,No,Often,500-1000,No,Yes,Yes,Yes,Yes,No,Yes,Somewhat easy,No,Don't know,Some of them,No,No,Yes,No,Yes,
2014-09-29,60,Male,Germany,Not applicable,No,No,Yes,Sometimes,500-1000,No,Yes,Yes,Don't know,No,Don't know,No,Somewhat difficult,No,Yes,No,Yes,No,Maybe,Yes,Yes,
2014-07-08,60,Female,France,Not applicable,No,Yes,No,Often,1000+,Yes,Yes,No,Don't know,No,No,No,Don't know,Don't know,No,No,Yes,Maybe,Maybe,No,No,
2014-07-11,65,Male,United States,Florida,No,No,Yes,Often,100-500,Yes,Yes,No,Yes,Don't know,Don't know,Yes,Very easy,Yes,No,No,Some of them,No,No,Yes,Don't know,
2014-03-10,35,Female,Australia,Not applicable,Yes,No,Yes,Rarely,100-500,No,Yes,Don't know,Yes,No,No,Yes,Somewhat difficult,Yes,Don't know,Some of them,No,No,No,No,No,
2014-10-05,45,Prefer not to say,France,Not applicable,No,Yes,No,Often,1000+,No,Yes,Yes,Yes,Don't know,Don't know,No,Somewhat difficult,Don't know,Don't know,No,Some of them,No,No,Yes,No,
2014-12-15,21,Male,Canada,Not applicable,No,No,No,Sometimes,1000+,No,Yes,Yes,No,No,Yes,Don't know,Somewhat easy,No,No,No,No,No,Yes,No,No,
2014-09-04,30,Male,Other,Not applicable,No,Yes,No,Never,1000+,No,Yes,No,No,Don't know,Don't know,No,Somewhat difficult,Yes,Don't know,No,No,No,Yes,No,No,
2014-03-17,21,Male,Australia,Not applicable,No,No,No,Sometimes,500-1000,No,Yes,No,No,Don't know,No,No,Somewhat difficult,No,Yes,Yes,No,No,No,No,No,
2014-06-03,45,Non-binary,Australia,Not applicable,No,No,Yes,Sometimes,6-25,No,No,Yes,No,No,Yes,No,Very difficult,Don't know,No,No,Some of them,Yes,No,Yes,Yes,
2014-05-24,21,Male,India,Not applicable,Yes,No,Yes,Often,1-5,Yes,Yes,Don't know,Yes,Don't know,Yes,No,Somewhat difficult,Don't know,No,No,Yes,Yes,Yes,Yes,Don't know,
2014-03-27,65,Male,United States,Florida,No,No,No,Rarely,1000+,Yes,Yes,Yes,Don't know,Don't know,Don't know,Yes,Somewhat difficult,No,Yes,No,Some of them,No,No,No,Yes,
2014-07-04,18,Male,United States,Massachusetts,No,No,Yes,Sometimes,1000+,No,Yes,Don't know,No,Yes,Yes,No,Somewhat easy,Yes,No,No,No,No,Maybe,Yes,Yes,
2014-10-12,55,Female,Canada,Not applicable,No,No,No,Never,500-1000,Yes,Yes,Don't know,No,No,No,No,Somewhat easy,Don't know,Yes,Yes,No,No,Yes,Yes,Yes,
2014-08-08,18,Male,United States,Washington,No,Yes,No,Rarely,26-100,No,No,No,Don't know,Yes,Yes,No,Very easy,No,Don't know,Some of them,No,No,Yes,No,Yes,
2014-03-10,50,Female,Canada,Not applicable,No,No,No,Never,500-1000,No,Yes,Don't know,No,Don't know,No,No,Somewhat easy,Don't know,No,Some of them,Yes,Yes,No,No,No,
2014-02-16,21,Non-binary,Netherlands,Not applicable,No,No,No,Sometimes,26-100,No,No,No,Yes,Yes,Don't know,Don't know,Very easy,Yes,No,Some of them,Yes,No,Yes,Yes,Yes,
2014-04-04,50,Male,France,Not applicable,No,Yes,No,Often,100-500,No,Yes,Yes,No,Yes,No,Yes,Somewhat easy,Yes,Yes,Yes,No,Maybe,Yes,No,No,
2014-08-26,25,Female,Germany,Not applicable,No,No,No,Rarely,100-500,No,Yes,Yes,No,No,No,Don't know,Somewhat difficult,No,Yes,No,Yes,Yes,Yes,Don't know,Yes,
2014-07-23,40,Male,France,Not applicable,No,No,Yes,Sometimes,1000+,No,Yes,Yes,Yes,No,Don't know,No,Somewhat difficult,Yes,Don't know,Some of them,Yes,No,Yes,Don't know,Yes,
2014-08-06,25,Non-binary,Australia,Not applicable,No,No,Yes,Rarely,26-100,No,Yes,Yes,Don't know,Don't know,No,No,Very easy,No,No,No,Some of them,No,Maybe,Yes,Yes,
2014-12-07,45,Female,Canada,Not applicable,No,Yes,Yes,Never,100-500,No,Yes,No,Yes,Don't know,Don't know,Yes,Somewhat easy,Don't know,Don't know,No,No,No,No,Don't know,No,
2014-02-08,60,Non-binary,United States,Washington,No,Yes,No,Sometimes,100-500,No,Yes,Yes,No,No,No,No,Somewhat difficult,No,No,Some of them,No,Yes,No,No,No,
2014-04-10,55,Male,United Kingdom,Not applicable,No,Yes,No,Never,500-1000,Yes,Yes,Yes,No,Yes,Yes,No,Somewhat easy,Don't know,Yes,No,Yes,Maybe,No,Don't know,Yes,
2014-10-16,21,Male,India,Not applicable,No,No,No,Sometimes,100-500,No,Yes,No,Yes,No,No,No,Somewhat easy,No,No,No,Some of them,No,Maybe,No,Yes,
2014-09-11,35,Male,Canada,Not applicable,No,Yes,Yes,Never,1000+,No,No,Don't know,Don't know,No,No,Yes,Somewhat difficult,No,No,Yes,Some of them,Maybe,Yes,No,Don't know,
2014-08-10,40,Male,India,Not applicable,No,No,No,Never,6-25,No,Yes,Yes,Don't know,No,Yes,No,Very easy,Don't know,Yes,Yes,No,No,Yes,No,Yes,
2014-12-23,30,Male,United States,Illinois,No,Yes,No,Sometimes,26-100,Yes,Yes,Yes,No,No,Yes,Yes,Somewhat easy,No,No,Yes,Some of them,No,Maybe,No,Yes,
2014-01-23,30,Male,India,Not applicable,No,No,Yes,Sometimes,500-1000,No,Yes,Yes,Yes,No,Yes,Don't know,Very easy,No,No,Some of them,Some of them,No,Maybe,No,Yes,
2014-09-07,30,Male,France,Not applicable,No,Yes,No,Never,100-500,No,Yes,No,Yes,No,No,Don't know,Very easy,No,Yes,No,No,No,Yes,Yes,Yes,
2014-01-10,21,Male,India,Not applicable,No,No,Yes,Sometimes,6-25,No,Yes,Yes,Yes,No,Don't know,Yes,Don't know,No,No,No,No,No,Yes,Yes,Yes,
2014-09-03,30,Female,Other,Not applicable,No,Yes,No,Often,100-500,No,No,No,Yes,No,Yes,Don't know,Somewhat easy,Yes,No,Some of them,Yes,No,No,No,Yes,
2014-11-21,65,Male,France,Not applicable,No,No,Yes,Sometimes,500-1000,No,No,Yes,No,Don't know,No,Don't know,Somewhat difficult,Don't know,No,No,Yes,Yes,Yes,Don't know,Don't know,
2014-04-10,18,Male,Other,Not applicable,Yes,Yes,No,Never,1-5,Yes,Yes,Yes,Don't know,No,Don't know,No,Somewhat difficult,Don't know,No,No,Yes,No,No,No,No,
2014-10-17,40,Male,Other,Not applicable,No,No,No,Sometimes,26-100,No,Yes,Don't know,No,Yes,Yes,No,Very easy,No,No,Yes,Yes,Yes,Yes,No,No,
2014-06-29,18,Male,Australia,Not applicable,No,No,No,Sometimes,1000+,Yes,Yes,Yes,Don't know,Don't know,No,No,Somewhat easy,No,Yes,Some of them,Yes,Yes,Yes,No,No,
2014-08-11,60,Other,India,Not applicable,Yes,Yes,No,Never,100-500,No,Yes,Yes,No,No,Don't know,No,Very difficult,No,Don't know,Yes,Some of them,No,No,Yes,No,
2014-09-07,40,Male,United States,Texas,No,No,No,Often,1-5,No,Yes,Yes,No,Yes,Don't know,Yes,Very difficult,No,Don't know,Yes,Yes,Yes,Maybe,No,No,
2014-05-27,18,Female,Canada,Not applicable,No,No,No,Often,26-100,No,Yes,Yes,Don't know,No,Yes,Yes,Somewhat easy,No,No,Yes,Some of them,Maybe,No,No,Don't know,
2014-04-06,40,Other,United Kingdom,Not applicable,No,Yes,No,Often,500-1000,No,Yes,No,No,No,Yes,No,Somewhat easy,Don't know,Yes,Yes,No,Maybe,Yes,Don't know,Yes,
2014-09-14,60,Female,United States,Texas,No,No,Yes,Often,6-25,No,Yes,Yes,Don't know,Don't know,Yes,Yes,Very difficult,Yes,No,Yes,Yes,No,Maybe,Yes,Yes,
2014-11-21,50,Female,United States,Pennsylvania,Yes,Yes,No,Sometimes,1000+,Yes,Yes,Yes,Yes,No,No,Don't know,Somewhat easy,Yes,No,No,No,Maybe,No,No,No,
2014-01-04,65,Female,Other,Not applicable,No,No,Yes,Sometimes,500-1000,Yes,Yes,Yes,Yes,No,No,Yes,Very easy,Don't know,Don't know,Yes,Yes,Maybe,Yes,Yes,Don't know,
2014-01-16,21,Prefer not to say,Netherlands,Not applicable,No,No,Yes,Sometimes,100-500,No,Yes,No,Don't know,Yes,No,No,Somewhat easy,No,Don't know,No,Some of them,No,Yes,Yes,Don't know,
2014-10-07,21,Male,France,Not applicable,No,Yes,No,Often,1000+,No,Yes,No,No,No,Yes,Don't know,Somewhat easy,Don't know,Don't know,Yes,Some of them,Maybe,Yes,No,No,
2014-12-02,30,Male,Canada,Not applicable,Yes,No,No,Sometimes,100-500,No,No,No,Don't know,Don't know,Yes,No,Very easy,Yes,Yes,Yes,Yes,Yes,No,No,Yes,
2014-09-04,65,Male,United States,Florida,No,No,Yes,Rarely,26-100,Yes,Yes,No,Don't know,Don't know,No,No,Somewhat difficult,Yes,Don't know,No,Some of them,No,No,Yes,Yes,
2014-09-15,25,Male,United States,Pennsylvania,Yes,No,No,Rarely,500-1000,Yes,No,Yes,Yes,Yes,No,Don't know,Somewhat difficult,Don't know,No,Some of them,No,No,Yes,Yes,Don't know,
2014-06-09,30,Male,United States,New York,No,No,No,Often,100-500,Yes,Yes,Yes,No,Yes,No,Don't know,Somewhat difficult,Yes,No,Some of them,Yes,No,Yes,No,Yes,
2014-12-06,45,Male,United States,New York,No,No,No,Never,26-100,Yes,Yes,Yes,Yes,No,No,Yes,Very easy,Don't know,No,Some of them,No,Yes,Yes,Don't know,Yes,
2014-06-01,65,Male,United States,Pennsylvania,No,No,Yes,Sometimes,26-100,No,Yes,Yes,No,No,Yes,No,Somewhat easy,Don't know,No,No,No,No,No,Yes,Don't know,
2014-06-27,18,Male,Other,Not applicable,No,Yes,No,Often,100-500,Yes,Yes,Yes,No,No,Yes,Don't know,Somewhat difficult,No,No,No,Yes,No,Yes,No,Yes,
2014-06-12,40,Male,India,Not applicable,No,No,Yes,Sometimes,26-100,No,No,No,Yes,No,Yes,No,Very easy,Yes,Yes,No,No,No,Yes,Yes,No,
2014-02-02,25,Male,United States,Texas,No,No,No,Often,500-1000,Yes,Yes,No,No,No,Yes,No,Very easy,No,No,No,Yes,No,Maybe,Don't know,No,
2014-06-28,65,Male,United States,New York,Yes,No,Yes,Sometimes,500-1000,Yes,Yes,Don't know,No,Don't know,Yes,Yes,Somewhat easy,Don't know,Don't know,Yes,No,No,No,No,Yes,
2014-04-11,60,Male,United Kingdom,Not applicable,No,No,Yes,Never,100-500,No,Yes,Yes,Yes,No,Yes,Yes,Very easy,Yes,Yes,No,Yes,No,Yes,Don't know,Yes,
2014-09-25,45,Male,United States,Massachusetts,No,No,No,Often,100-500,Yes,No,No,Don't know,Yes,Yes,No,Don't know,Yes,Yes,No,Some of them,Yes,No,Yes,Yes,
2014-11-19,60,Female,Other,Not applicable,No,No,No,Rarely,100-500,Yes,Yes,Don't know,No,No,Yes,No,Somewhat difficult,Yes,Yes,No,No,No,Yes,No,No,
2014-03-06,21,Male,Canada,Not applicable,No,No,Yes,Rarely,26-100,Yes,No,No,Don't know,Don't know,No,Don't know,Somewhat easy,Yes,No,No,Yes,No,No,No,Yes,
2014-06-17,21,Male,Canada,Not applicable,No,Yes,Yes,Rarely,6-25,Yes,No,Yes,Yes,No,Yes,No,Somewhat difficult,Don't know,Don't know,Yes,No,Yes,No,Yes,Yes,
2014-11-26,30,Female,United States,Texas,Yes,No,No,Rarely,26-100,No,Yes,Yes,Yes,No,No,Yes,Somewhat easy,Don't know,Yes,No,Yes,No,No,Yes,Don't know,
2014-02-12,18,Male,United States,Washington,No,No,Yes,Rarely,26-100,Yes,No,Yes,No,No,No,Yes,Very easy,Don't know,Yes,Yes,No,No,No,No,Yes,
2014-02-13,25,Male,Germany,Not applicable,No,Yes,No,Rarely,100-500,No,No,Yes,Yes,Don't know,No,Don't know,Somewhat easy,No,Don't know,Some of them,Yes,Yes,Yes,No,Yes,
2014-10-12,55,Non-binary,India,Not applicable,No,No,Yes,Sometimes,500-1000,No,Yes,No,Don't know,No,Don't know,Yes,Somewhat difficult,No,Don't know,Yes,Some of them,No,No,Yes,Yes,
2014-01-12,45,Non-binary,India,Not applicable,No,No,Yes,Often,100-500,No,Yes,Yes,Yes,No,Yes,Yes,Very easy,Yes,Yes,Yes,Some of them,No,Yes,No,Yes,
2014-04-05,45,Male,United States,Florida,Yes,Yes,No,Rarely,1000+,Yes,Yes,Yes,No,Don't know,No,Don't know,Somewhat easy,No,No,Some of them,No,No,Yes,Yes,Don't know,
2014-10-29,65,Male,United Kingdom,Not applicable,No,Yes,No,Rarely,1000+,No,Yes,No,No,Don't know,Don't know,No,Somewhat easy,No,No,No,Yes,Maybe,Maybe,Yes,Yes,
2014-09-10,30,Prefer not to say,United Kingdom,Not applicable,No,Yes,No,Sometimes,1000+,Yes,Yes,No,Yes,No,Don't know,Yes,Somewhat easy,Don't know,No,Yes,No,Yes,No,No,Yes,
2014-08-30,21,Male,Netherlands,Not applicable,No,No,Yes,Sometimes,1000+,No,Yes,Yes,Yes,No,Yes,Don't know,Somewhat difficult,Don't know,No,No,No,No,Maybe,Yes,Don't know,
2014-02-04,30,Male,United States,California,Yes,Yes,No,Often,500-1000,No,Yes,No,No,No,Yes,Don't know,Very difficult,Don't know,Don't know,Yes,No,No,Yes,No,No,
2014-08-03,40,Female,United States,Florida,No,Yes,No,Never,100-500,Yes,Yes,Yes,No,Yes,Yes,Yes,Somewhat difficult,Don't know,Yes,Yes,No,No,No,No,Yes,
2014-12-03,65,Male,Germany,Not applicable,No,No,Yes,Often,6-25,No,Yes,Yes,Yes,Don't know,No,Don't know,Somewhat difficult,Don't know,Yes,Yes,No,No,Yes,No,Don't know,
2014-03-31,65,Male,Germany,Not applicable,No,Yes,No,Sometimes,500-1000,No,No,Yes,Don't know,No,No,No,Don't know,Yes,No,No,No,No,No,No,No,
2014-09-21,25,Male,Canada,Not applicable,No,Yes,No,Sometimes,500-1000,No,No,No,Yes,Don't know,Yes,No,Very easy,Don't know,No,Some of them,Some of them,No,Yes,Don't know,Yes,
2014-04-03,18,Female,Canada,Not applicable,No,Yes,Yes,Never,100-500,Yes,Yes,Don't know,No,Yes,No,Don't know,Very easy,No,Don't know,No,Yes,Yes,Yes,No,No,
2014-03-31,50,Male,Canada,Not applicable,No,No,Yes,Rarely,500-1000,No,Yes,Yes,No,No,No,Don't know,Somewhat easy,Yes,No,No,No,No,Yes,No,Don't know,
2014-04-25,35,Female,Netherlands,Not applicable,No,No,No,Rarely,100-500,No,Yes,No,Yes,Yes,No,Yes,Somewhat easy,Yes,Yes,Yes,No,No,No,Yes,Yes,
2014-04-15,35,Male,Canada,Not applicable,No,Yes,No,Rarely,100-500,Yes,No,Yes,Don't know,No,Don't know,Yes,Somewhat easy,No,No,Yes,Yes,Maybe,Yes,No,No,
2014-07-15,65,Male,Other,Not applicable,No,No,No,Sometimes,100-500,No,Yes,No,Yes,No,No,Yes,Somewhat easy,Yes,No,Some of them,No,No,No,No,Don't know,
2014-11-10,30,Male,United Kingdom,Not applicable,No,No,Yes,Often,500-1000,Yes,Yes,Yes,Yes,No,Yes,No,Very easy,No,Don't know,Yes,Some of them,No,Yes,Yes,No,
2014-04-24,40,Female,Other,Not applicable,No,Yes,Yes,Sometimes,1000+,Yes,No,Yes,Yes,Yes,No,Yes,Somewhat difficult,No,No,Some of them,No,No,Yes,No,Yes,
2014-03-16,25,Male,France,Not applicable,No,Yes,No,Sometimes,1000+,No,No,Don't know,No,Yes,Yes,No,Don't know,Don't know,No,No,Yes,Maybe,Yes,Yes,Yes,
2014-08-05,55,Male,United States,Pennsylvania,Yes,Yes,Yes,Sometimes,500-1000,No,No,No,No,Yes,No,Yes,Somewhat easy,Don't know,No,Some of them,Yes,Maybe,Maybe,Yes,No,
2014-10-04,35,Non-binary,Netherlands,Not applicable,No,No,No,Rarely,1-5,No,No,Yes,No,Yes,Don't know,No,Very easy,No,No,Yes,No,No,Yes,Yes,Yes,
2014-09-06,25,Male,United States,Texas,No,No,No,Often,1000+,No,Yes,Yes,Yes,No,Don't know,Yes,Somewhat difficult,Yes,No,Yes,Yes,No,Yes,No,Don't know,
2014-06-13,65,Other,Other,Not applicable,No,Yes,Yes,Sometimes,26-100,Yes,Yes,Yes,Yes,No,No,Don't know,Somewhat easy,Yes,Yes,Some of them,Some of them,Yes,No,No,Yes,
2014-12-23,18,Male,Germany,Not applicable,Yes,No,No,Rarely,1000+,Yes,Yes,Yes,Don't know,No,Yes,Yes,Somewhat easy,Yes,Don't know,Some of them,No,No,Yes,Yes,Yes,
2014-07-11,60,Female,United States,Pennsylvania,No,Yes,No,Rarely,6-25,No,Yes,Don't know,Yes,No,Yes,Yes,Somewhat easy,Yes,No,Yes,Yes,No,No,No,No,
2014-08-15,40,Male,Germany,Not applicable,No,No,No,Sometimes,100-500,Yes,No,Don't know,Don't know,Yes,No,Don't know,Somewhat difficult,Don't know,No,Some of them,Some of them,No,Yes,Yes,No,
2014-06-26,21,Non-binary,Other,Not applicable,Yes,No,Yes,Sometimes,500-1000,No,Yes,Yes,Yes,Yes,Yes,No,Very difficult,No,Don't know,Yes,No,Yes,No,Yes,Yes,
2014-04-09,25,Male,United States,Massachusetts,No,Yes,Yes,Never,500-1000,No,Yes,Yes,Don't know,Yes,No,Yes,Somewhat difficult,Yes,No,Yes,Yes,No,Yes,No,Yes,
2014-02-05,18,Male,United Kingdom,Not applicable,No,No,No,Often,100-500,Yes,No,Don't know,Yes,Don't know,Yes,Yes,Somewhat easy,Yes,No,No,No,No,No,No,No,
2014-04-06,55,Male,India,Not applicable,No,Yes,Yes,Sometimes,500-1000,Yes,Yes,Yes,No,No,Yes,No,Somewhat easy,No,Don't know,No,Yes,No,No,Yes,Don't know,
2014-06-01,50,Male,France,Not applicable,Yes,No,No,Sometimes,100-500,No,No,No,Yes,Yes,Yes,No,Very easy,No,Yes,Some of them,Some of them,No,No,Yes,No,
2014-05-31,21,Male,Canada,Not applicable,Yes,Yes,Yes,Never,26-100,No,No,Yes,Yes,Yes,Don't know,No,Don't know,Yes,No,No,No,No,No,Don't know,Yes,
2014-07-09,65,Non-binary,United States,Texas,No,No,No,Rarely,500-1000,No,Yes,No,Yes,Don't know,No,No,Somewhat difficult,Don't know,No,Yes,Some of them,No,Maybe,Yes,Yes,
2014-08-12,50,Male,United States,Florida,Yes,Yes,No,Often,26-100,No,Yes,No,Yes,No,Yes,Yes,Very easy,Yes,No,No,No,Yes,Yes,Yes,No,
2014-02-06,55,Female,United Kingdom,Not applicable,No,No,No,Often,500-1000,No,Yes,Don't know,Yes,No,Yes,No,Somewhat difficult,Yes,No,Yes,Some of them,No,Yes,No,Don't know,
2014-09-25,18,Male,Canada,Not applicable,Yes,Yes,Yes,Rarely,1-5,Yes,Yes,No,No,No,No,No,Somewhat easy,Yes,No,No,Yes,Yes,No,No,Yes,
2014-07-02,35,Female,Other,Not applicable,No,No,No,Never,100-500,Yes,Yes,Yes,No,Yes,Yes,Don't know,Don't know,No,No,No,Some of them,No,No,No,No,
2014-01-13,50,Male,United States,Massachusetts,Yes,Yes,Yes,Rarely,100-500,No,Yes,No,No,Don't know,No,Yes,Very difficult,Yes,Don't know,Yes,Some of them,Maybe,Yes,Don't know,Yes,
2014-10-06,65,Male,India,Not applicable,No,No,No,Rarely,26-100,Yes,No,Don't know,No,No,Don't know,No,Very easy,Yes,No,No,No,Maybe,No,Yes,No,
2014-08-05,21,Female,United States,Massachusetts,No,Yes,Yes,Sometimes,100-500,Yes,Yes,Yes,No,No,No,Yes,Somewhat difficult,Yes,No,No,No,No,Yes,No,No,
2014-12-21,30,Other,United States,Massachusetts,No,Yes,No,Often,500-1000,No,No,Yes,No,Don't know,No,No,Somewhat difficult,No,No,No,No,Maybe,No,Yes,Yes,
2014-12-27,45,Male,Canada,Not applicable,No,No,No,Rarely,1000+,No,Yes,Yes,No,No,No,Don't know,Very easy,Yes,No,No,Some of them,No,No,No,No,
2014-10-13,25,Male,Canada,Not applicable,No,Yes,Yes,Never,1000+,Yes,Yes,Yes,No,Yes,Don't know,No,Somewhat difficult,Yes,Yes,Yes,No,Maybe,No,Don't know,Yes,
2014-09-30,35,Male,India,Not applicable,No,Yes,No,Often,500-1000,No,No,Yes,Don't know,No,Don't know,Don't know,Somewhat difficult,Yes,Don't know,Yes,No,No,Yes,No,Yes,
2014-03-03,50,Prefer not to say,Other,Not applicable,No,No,Yes,Never,100-500,No,Yes,No,Yes,Yes,No,No,Very easy,Yes,No,Yes,Some of them,Yes,No,No,No,
2014-03-25,60,Male,Germany,Not applicable,No,No,No,Often,100-500,Yes,Yes,Yes,Yes,Yes,Yes,Don't know,Somewhat difficult,No,No,Yes,No,No,No,Don't know,Yes,
2014-08-05,25,Male,Other,Not applicable,No,Yes,No,Sometimes,1-5,No,Yes,Don't know,No,No,No,No,Somewhat difficult,Yes,No,No,No,No,Yes,Yes,No,
2014-12-08,30,Non-binary,Netherlands,Not applicable,No,No,Yes,Often,100-500,Yes,No,Yes,Yes,Yes,Yes,Yes,Very easy,Yes,Yes,Some of them,Some of them,No,No,No,Yes,
2014-07-06,55,Male,Germany,Not applicable,No,No,No,Never,1000+,No,Yes,Yes,Don't know,Don't know,No,Yes,Somewhat easy,No,No,No,Yes,No,Maybe,Don't know,No,
2014-01-19,45,Male,France,Not applicable,No,Yes,Yes,Never,100-500,Yes,Yes,Yes,Don't know,Don't know,No,No,Somewhat difficult,Yes,No,No,No,No,Yes,No,Yes,
2014-06-26,18,Male,Germany,Not applicable,No,No,No,Sometimes,100-500,No,Yes,Yes,Yes,Yes,Yes,Yes,Very easy,Yes,Don't know,No,Yes,No,Yes,Yes,No,
2014-04-10,30,Non-binary,United States,Illinois,No,No,Yes,Sometimes,26-100,Yes,No,Yes,Yes,No,Yes,No,Very difficult,Yes,Yes,Yes,Yes,Maybe,Yes,Yes,No,
2014-08-21,30,Male,India,Not applicable,No,No,No,Rarely,26-100,No,No,Yes,No,Don't know,No,No,Very easy,Don't know,Don't know,Some of them,No,Maybe,No,Yes,Don't know,
2014-03-17,55,Male,United States,Texas,No,Yes,No,Often,1-5,Yes,Yes,Yes,No,No,Don't know,Don't know,Very easy,No,Don't know,Some of them,No,No,Maybe,Yes,Don't know,
2014-09-22,40,Male,Germany,Not applicable,No,No,No,Often,500-1000,No,No,No,Yes,No,No,No,Very easy,Don't know,Don't know,No,No,No,No,No,Yes,
2014-10-11,55,Male,India,Not applicable,No,Yes,Yes,Sometimes,100-500,No,Yes,No,No,No,No,No,Somewhat difficult,Don't know,No,Yes,No,Maybe,Yes,Yes,Yes,
2014-07-25,40,Male,United States,New York,No,Yes,No,Never,500-1000,Yes,Yes,Yes,No,No,Yes,Don't know,Somewhat difficult,Don't know,Don't know,Some of them,No,Maybe,No,Yes,No,
2014-08-11,40,Male,United States,New York,No,Yes,No,Sometimes,100-500,No,Yes,No,Yes,No,No,Don't know,Somewhat easy,No,No,Yes,Yes,Yes,No,No,No,
2014-02-21,35,Male,Other,Not applicable,No,No,No,Sometimes,500-1000,Yes,Yes,No,Yes,Don't know,No,Yes,Somewhat easy,No,Yes,Some of them,No,No,No,No,Yes,
2014-12-05,35,Male,Germany,Not applicable,Yes,No,Yes,Rarely,500-1000,No,Yes,Yes,No,No,No,No,Very difficult,Yes,Yes,Some of them,No,No,Yes,No,Yes,
2014-05-24,21,Male,United States,Texas,No,No,Yes,Often,500-1000,Yes,Yes,Don't know,Yes,Don't know,Yes,Yes,Very easy,Yes,Don't know,Yes,No,No,No,No,No,
2014-03-10,50,Male,India,Not applicable,No,No,Yes,Never,100-500,No,Yes,Don't know,Don't know,Yes,No,No,Somewhat easy,No,Yes,Some of them,No,Yes,No,Yes,Don't know,
2014-04-09,50,Non-binary,Germany,Not applicable,No,Yes,No,Rarely,100-500,No,No,Yes,No,Don't know,Yes,No,Very easy,Don't know,No,Some of them,Some of them,No,Yes,Yes,Don't know,
2014-01-25,65,Male,United Kingdom,Not applicable,No,Yes,Yes,Never,1000+,Yes,Yes,Yes,No,No,Yes,Don't know,Very easy,No,Yes,Some of them,No,No,No,Yes,Yes,
2014-02-22,18,Female,Other,Not applicable,No,Yes,No,Sometimes,1-5,Yes,Yes,Yes,Don't know,No,Don't know,No,Somewhat easy,No,No,No,Yes,No,Maybe,No,Yes,
2014-05-31,50,Female,India,Not applicable,No,Yes,Yes,Sometimes,6-25,No,No,Yes,Don't know,No,Yes,No,Very easy,No,Yes,Yes,Some of them,No,Yes,Yes,Yes,
2014-05-24,35,Male,United States,Texas,No,No,No,Rarely,100-500,No,Yes,No,Yes,Yes,Yes,Don't know,Somewhat easy,Yes,Don't know,No,Some of them,Yes,Maybe,No,Yes,
2014-02-26,21,Male,Australia,Not applicable,No,No,No,Never,500-1000,No,Yes,Yes,Yes,Yes,No,Yes,Very difficult,Yes,No,No,No,Maybe,Yes,Yes,No,
2014-02-08,21,Male,Netherlands,Not applicable,No,Yes,No,Never,1-5,Yes,No,No,No,Yes,Don't know,No,Very easy,No,Don't know,Yes,Some of them,Maybe,No,Don't know,No,
2014-04-19,40,Male,United States,Illinois,No,Yes,No,Never,500-1000,No,Yes,No,No,Yes,No,No,Very difficult,Yes,No,No,No,No,Yes,No,Yes,
2014-06-30,65,Male,United States,New York,No,Yes,Yes,Sometimes,100-500,Yes,Yes,No,Yes,No,No,Yes,Somewhat difficult,No,Don't know,No,No,Maybe,Yes,No,Yes,
2014-02-11,55,Male,United States,Texas,No,No,Yes,Rarely,100-500,Yes,Yes,No,Don't know,No,Don't know,No,Somewhat easy,Don't know,No,Yes,No,Yes,No,No,Yes,
2014-07-05,18,Male,India,Not applicable,No,No,Yes,Rarely,100-500,No,No,Yes,Yes,No,Yes,Yes,Somewhat difficult,Don't know,No,Yes,No,No,No,No,Don't know,
2014-08-11,40,Female,Germany,Not applicable,No,No,No,Often,100-500,Yes,Yes,Yes,Yes,Yes,No,Don't know,Somewhat easy,Yes,No,Yes,Yes,Yes,No,No,Yes,
2014-05-02,55,Male,Germany,Not applicable,No,No,No,Sometimes,6-25,No,No,No,Yes,Don't know,No,Yes,Very easy,Don't know,No,No,Yes,No,No,Don't know,Yes,
2014-05-13,50,Female,Other,Not applicable,No,No,No,Sometimes,6-25,No,Yes,Yes,No,No,Don't know,Yes,Don't know,Yes,No,No,Yes,No,No,No,No,
2014-06-12,65,Male,Australia,Not applicable,No,Yes,No,Never,26-100,No,Yes,Yes,No,Don't know,Yes,No,Somewhat difficult,Yes,No,Yes,Yes,No,Maybe,Don't know,No,
2014-08-03,40,Non-binary,United States,Texas,No,Yes,No,Rarely,500-1000,No,No,Don't know,Yes,No,Yes,Yes,Very difficult,No,No,Some of them,No,No,No,No,Don't know,
2014-08-09,25,Male,United States,Pennsylvania,No,No,No,Sometimes,100-500,No,Yes,No,Yes,Yes,No,Yes,Very difficult,Yes,No,Yes,No,No,Yes,Don't know,Yes,
2014-08-23,50,Male,Canada,Not applicable,No,No,No,Never,100-500,No,Yes,Yes,Yes,No,No,No,Very easy,Yes,Yes,No,Yes,No,Yes,Yes,No,
2014-11-27,55,Female,United States,Illinois,No,Yes,Yes,Never,100-500,No,Yes,No,No,No,No,No,Somewhat easy,Yes,No,Some of them,Some of them,Maybe,Yes,Yes,Yes,
2014-05-26,18,Male,India,Not applicable,No,No,No,Often,100-500,No,No,No,Yes,Yes,No,No,Very easy,No,Yes,Some of them,Yes,No,No,No,Don't know,
2014-08-27,55,Male,Netherlands,Not applicable,No,No,No,Often,26-100,Yes,Yes,Yes,Don't know,Yes,Yes,No,Very difficult,Yes,No,Yes,No,No,Yes,Yes,No,
2014-03-17,40,Non-binary,United States,Illinois,No,No,No,Never,6-25,Yes,Yes,Yes,Yes,Yes,No,No,Very difficult,No,No,Some of them,Yes,No,Yes,Yes,No,
2014-01-09,40,Male,United Kingdom,Not applicable,No,No,No,Rarely,1000+,Yes,Yes,Don't know,Don't know,Yes,No,No,Somewhat difficult,No,Don't know,Some of them,Yes,Maybe,Yes,Yes,Yes,
2014-03-15,30,Male,Australia,Not applicable,No,No,Yes,Often,100-500,No,No,Yes,Yes,No,Don't know,Yes,Very easy,No,Yes,No,Yes,No,No,No,No,
2014-09-10,18,Female,Canada,Not applicable,Yes,No,Yes,Never,500-1000,No,Yes,Yes,No,No,Yes,Yes,Very easy,Don't know,Yes,No,No,No,Yes,Don't know,Yes,
2014-08-18,60,Non-binary,United States,Florida,No,Yes,No,Sometimes,100-500,Yes,Yes,Yes,Yes,Yes,Don't know,No,Very difficult,Yes,Yes,Yes,No,No,Yes,No,Yes,
2014-01-07,50,Female,Canada,Not applicable,No,Yes,No,Often,500-1000,Yes,Yes,No,Yes,No,No,Don't know,Don't know,Yes,No,No,Yes,No,No,Don't know,Yes,
2014-06-23,21,Male,United States,Illinois,No,Yes,Yes,Often,100-500,No,Yes,Yes,Don't know,No,Yes,Yes,Very easy,Yes,No,No,No,No,No,No,No,
2014-05-21,18,Female,Other,Not applicable,No,Yes,No,Sometimes,1-5,No,Yes,Yes,Don't know,Yes,No,No,Very easy,Yes,No,Some of them,Yes,No,Yes,Yes,Yes,
2014-06-17,21,Male,United States,California,No,No,No,Never,1000+,No,Yes,Yes,No,Yes,Yes,No,Somewhat easy,No,No,No,Some of them,No,No,Yes,Don't know,
2014-06-19,18,Female,Canada,Not applicable,No,No,No,Rarely,26-100,Yes,Yes,Don't know,No,Yes,Don't know,No,Very easy,Yes,Don't know,No,No,No,Yes,No,No,
2014-10-10,18,Other,United Kingdom,Not applicable,No,Yes,Yes,Often,6-25,Yes,No,Yes,No,No,Don't know,No,Very difficult,Yes,No,Yes,Yes,Yes,Maybe,Yes,Yes,
2014-05-02,55,Female,Other,Not applicable,No,No,No,Often,6-25,Yes,No,No,Don't know,Yes,Yes,Yes,Somewhat difficult,No,Yes,Yes,No,No,Yes,Yes,No,
2014-07-13,18,Non-binary,United States,New York,No,Yes,No,Sometimes,500-1000,Yes,Yes,Don't know,Yes,No,Yes,No,Somewhat difficult,No,Yes,Yes,Some of them,No,Maybe,No,Yes,
2014-01-05,30,Male,United States,Florida,No,Yes,No,Sometimes,500-1000,Yes,No,Yes,No,No,No,Yes,Somewhat easy,No,Don't know,Yes,No,Maybe,Maybe,No,Yes,
2014-01-29,60,Female,United States,California,No,Yes,No,Sometimes,500-1000,No,Yes,Don't know,No,No,No,No,Somewhat easy,Don't know,No,No,No,No,No,No,No,
2014-06-14,40,Female,United States,Texas,No,Yes,No,Sometimes,1000+,Yes,No,Don't know,Yes,Yes,No,Don't know,Somewhat easy,No,No,Some of them,No,No,Yes,Don't know,Don't know,
2014-12-05,45,Male,United States,Pennsylvania,No,Yes,No,Often,26-100,Yes,Yes,Don't know,Don't know,No,Yes,No,Very difficult,No,No,No,No,Yes,No,No,Yes,
2014-05-16,21,Non-binary,Germany,Not applicable,No,No,No,Sometimes,100-500,Yes,Yes,Yes,Yes,No,No,Yes,Somewhat difficult,Yes,No,No,Some of them,Yes,Yes,No,No,
2014-12-31,40,Male,United States,Pennsylvania,No,No,No,Sometimes,500-1000,No,No,No,Yes,Don't know,Yes,Don't know,Somewhat easy,Don't know,Don't know,No,Some of them,Maybe,Maybe,Don't know,No,
2014-11-17,45,Female,United States,Texas,No,No,No,Rarely,1000+,No,No,No,No,No,Don't know,Don't know,Somewhat easy,No,Yes,Yes,No,No,No,Yes,Yes,
2014-12-08,60,Female,France,Not applicable,No,Yes,Yes,Sometimes,26-100,No,Yes,Don't know,No,No,Don't know,No,Very easy,Yes,No,No,No,Yes,Maybe,No,No,
2014-05-25,60,Female,United States,Florida,No,Yes,No,Sometimes,1000+,Yes,Yes,Yes,Yes,No,No,No,Very easy,Yes,No,Yes,No,No,No,Don't know,No,
2014-11-23,21,Male,United States,Illinois,No,Yes,No,Rarely,6-25,Yes,Yes,No,Yes,No,Don't know,Yes,Somewhat difficult,No,Yes,No,No,No,No,No,Yes,
2014-08-05,21,Male,United States,Massachusetts,No,No,No,Often,500-1000,Yes,Yes,Yes,Don't know,Don't know,Yes,Don't know,Somewhat difficult,Don't know,No,Yes,Some of them,Maybe,No,No,Don't know,
2014-10-28,60,Male,Other,Not applicable,No,Yes,Yes,Sometimes,500-1000,Yes,Yes,Yes,Yes,Yes,Yes,No,Somewhat easy,Yes,No,Yes,No,Yes,Yes,No,No,
2014-05-12,45,Non-binary,United States,Pennsylvania,No,No,No,Often,1000+,No,Yes,Yes,No,Don't know,No,Don't know,Very difficult,Yes,No,No,No,No,No,No,Yes,
2014-10-19,18,Male,Netherlands,Not applicable,No,No,Yes,Never,1-5,No,No,No,No,No,No,Yes,Somewhat difficult,Don't know,No,Some of them,Yes,No,No,Yes,Don't know,
2014-03-11,50,Male,Australia,Not applicable,No,No,Yes,Sometimes,1-5,No,Yes,Yes,No,No,No,Yes,Somewhat easy,Don't know,No,No,No,Maybe,Maybe,Don't know,Yes,
2014-09-09,65,Female,United States,Massachusetts,Yes,No,No,Rarely,1-5,No,Yes,No,Don't know,Yes,Don't know,Don't know,Very easy,Yes,No,Some of them,Some of them,Maybe,No,Don't know,Don't know,
2014-10-02,25,Male,Other,Not applicable,No,Yes,No,Often,100-500,No,Yes,Don't know,No,No,Don't know,No,Very difficult,Yes,No,No,No,No,Maybe,Don't know,Yes,
2014-12-30,65,Male,United States,Texas,Yes,Yes,No,Never,500-1000,Yes,Yes,Yes,No,No,No,Yes,Somewhat difficult,No,No,No,Yes,No,Maybe,No,No,
2014-07-01,40,Male,United States,Massachusetts,Yes,Yes,Yes,Sometimes,1000+,No,Yes,No,No,Yes,No,Yes,Very easy,Yes,No,No,Yes,No,No,Yes,Yes,
2014-06-16,55,Non-binary,France,Not applicable,No,No,No,Sometimes,100-500,Yes,Yes,Yes,No,Yes,Yes,No,Somewhat difficult,Don't know,No,Some of them,No,No,Yes,Yes,No,
2014-04-01,40,Male,India,Not applicable,No,Yes,Yes,Rarely,1-5,No,No,Yes,No,Don't know,Yes,Yes,Somewhat easy,Yes,Yes,Yes,Some of them,Maybe,No,Don't know,Yes,
2014-07-21,55,Male,Germany,Not applicable,No,Yes,No,Often,26-100,Yes,No,No,Don't know,No,No,No,Very difficult,Yes,Don't know,Yes,Some of them,Maybe,No,No,Yes,
2014-12-12,45,Male,United States,Washington,No,No,No,Often,1-5,Yes,Yes,Don't know,Yes,No,No,No,Don't know,Yes,No,Yes,Some of them,Yes,Yes,Yes,Yes,
2014-01-19,55,Male,Canada,Not applicable,No,Yes,No,Rarely,500-1000,No,Yes,No,Yes,Yes,No,No,Somewhat difficult,Yes,Don't know,No,No,Yes,Yes,No,Don't know,
2014-02-08,21,Male,Australia,Not applicable,No,No,Yes,Never,1000+,No,Yes,No,Yes,No,Yes,No,Somewhat difficult,Yes,Don't know,Some of them,No,No,Maybe,No,Yes,
2014-05-06,50,Male,United States,Florida,No,No,Yes,Rarely,1000+,Yes,No,Yes,Yes,No,No,Don't know,Very easy,Yes,No,Yes,No,No,Yes,No,No,
2014-06-22,50,Male,United States,California,No,Yes,No,Rarely,100-500,Yes,No,Yes,Yes,No,Yes,Yes,Somewhat difficult,No,No,No,No,Yes,No,No,No,
2014-05-21,21,Female,United States,Florida,No,Yes,Yes,Often,1-5,Yes,Yes,No,Don't know,No,No,No,Very difficult,Yes,No,Some of them,No,No,No,No,Don't know,
2014-08-30,30,Male,United States,New York,No,Yes,No,Often,26-100,No,Yes,Yes,No,No,Yes,Yes,Somewhat difficult,Don't know,No,No,No,Maybe,No,Don't know,Yes,
2014-08-08,65,Female,Netherlands,Not applicable,No,No,No,Never,100-500,No,No,Yes,No,No,Yes,No,Somewhat difficult,Yes,Don't know,No,No,Yes,No,Yes,Don't know,
2014-05-06,45,Prefer not to say,Canada,Not applicable,No,No,Yes,Sometimes,1000+,No,Yes,No,No,Yes,Yes,Don't know,Very difficult,No,No,Some of them,Yes,No,No,Yes,Yes,
2014-02-27,65,Female,Other,Not applicable,No,No,No,Sometimes,6-25,Yes,Yes,Yes,Don't know,Don't know,Yes,Don't know,Very easy,Yes,Yes,No,Yes,Yes,No,No,No,
2014-05-28,30,Female,United States,Illinois,No,No,No,Never,6-25,No,No,Yes,No,No,Don't know,No,Very easy,Yes,No,No,Some of them,Yes,Yes,Don't know,No,
2014-11-13,30,Male,India,Not applicable,Yes,No,Yes,Rarely,500-1000,Yes,No,No,Don't know,No,Yes,No,Somewhat difficult,No,Don't know,Yes,Some of them,No,Maybe,No,Yes,
2014-12-27,40,Male,United States,Illinois,No,Yes,Yes,Rarely,500-1000,Yes,Yes,No,Yes,No,Yes,Don't know,Very difficult,No,No,Yes,No,Yes,No,No,Yes,
2014-01-01,60,Male,United States,Florida,Yes,Yes,Yes,Sometimes,26-100,Yes,Yes,Don't know,Don't know,Don't know,No,Don't know,Very difficult,No,No,No,Yes,Maybe,No,No,Yes,
2014-12-14,40,Male,United States,Texas,No,No,No,Sometimes,1000+,No,Yes,No,No,Yes,No,Don't know,Somewhat difficult,No,No,No,Some of them,Maybe,No,No,Yes,
2014-07-09,60,Non-binary,United States,Texas,No,Yes,No,Sometimes,6-25,Yes,Yes,Yes,Yes,Yes,Yes,No,Very difficult,No,No,Some of them,No,No,Yes,Don't know,Don't know,
2014-07-10,25,Female,United Kingdom,Not applicable,No,Yes,Yes,Never,1000+,Yes,Yes,Don't know,No,No,Yes,Don't know,Somewhat difficult,Yes,No,Some of them,No,No,Maybe,Don't know,Yes,
2014-11-08,55,Male,Other,Not applicable,No,No,Yes,Often,26-100,No,Yes,No,No,No,Don't know,Yes,Very easy,Don't know,No,Some of them,No,No,No,No,Don't know,
2014-04-27,60,Male,India,Not applicable,No,No,No,Sometimes,6-25,Yes,No,Yes,Yes,No,No,Yes,Very difficult,No,No,Yes,No,Yes,Yes,No,Yes,
2014-05-14,65,Female,United States,Washington,No,No,No,Often,26-100,No,No,Yes,No,Yes,No,Yes,Very easy,Don't know,No,Some of them,No,No,Maybe,Yes,Don't know,
2014-02-27,21,Male,United States,Washington,No,No,No,Rarely,6-25,No,Yes,No,Yes,No,No,Yes,Somewhat easy,Don't know,No,No,Some of them,No,No,No,No,
2014-02-13,40,Male,United States,Illinois,No,Yes,No,Often,100-500,No,Yes,No,Yes,Yes,Yes,No,Somewhat easy,Yes,No,No,Yes,No,No,No,No,
2014-06-22,45,Non-binary,United Kingdom,Not applicable,Yes,No,Yes,Often,500-1000,Yes,Yes,No,Don't know,Yes,Yes,Don't know,Somewhat easy,Yes,No,No,Yes,Yes,No,No,Yes,
2014-06-09,55,Male,Australia,Not applicable,No,Yes,No,Rarely,100-500,Yes,Yes,No,No,Don't know,No,No,Somewhat easy,No,Yes,Yes,Yes,No,Yes,Yes,No,
2014-06-22,25,Male,Other,Not applicable,No,Yes,No,Rarely,500-1000,No,Yes,No,Don't know,No,Don't know,No,Very easy,No,No,Yes,No,Maybe,No,Don't know,Yes,
2014-11-13,60,Male,United States,Washington,No,No,Yes,Often,100-500,No,Yes,Don't know,No,No,Yes,No,Somewhat easy,No,No,Some of them,Yes,No,Yes,No,Yes,
2014-10-30,25,Non-binary,United Kingdom,Not applicable,No,Yes,No,Sometimes,1-5,Yes,No,No,Yes,Yes,Don't know,No,Very easy,No,No,No,Yes,Maybe,No,No,No,
2014-05-29,45,Male,Canada,Not applicable,No,No,No,Often,1000+,Yes,Yes,Yes,No,No,Yes,No,Somewhat difficult,Yes,No,No,Yes,Maybe,No,Yes,No,
2014-03-21,30,Male,Germany,Not applicable,No,Yes,No,Sometimes,1000+,Yes,No,Don't know,No,No,Yes,Don't know,Very difficult,Yes,Yes,No,Yes,No,Maybe,No,Yes,
2014-08-01,50,Male,United Kingdom,Not applicable,No,No,Yes,Sometimes,1-5,No,No,Yes,Don't know,Don't know,Yes,No,Very difficult,Yes,No,Some of them,No,No,No,Don't know,No,
2014-07-22,45,Male,India,Not applicable,No,Yes,No,Never,100-500,No,Yes,No,Yes,Don't know,Yes,No,Very difficult,No,No,No,Yes,No,Yes,No,No,
2014-09-09,35,Male,Germany,Not applicable,No,No,No,Rarely,500-1000,Yes,Yes,Don't know,Don't know,No,Don't know,No,Somewhat easy,No,No,No,No,Yes,Maybe,No,Yes,
2014-08-17,45,Female,United States,Pennsylvania,No,No,No,Often,6-25,No,No,No,Don't know,No,No,Don't know,Somewhat difficult,Yes,No,Yes,No,No,No,Yes,No,
2014-06-13,25,Male,Australia,Not applicable,Yes,Yes,Yes,Rarely,100-500,No,No,No,No,No,Yes,Yes,Somewhat easy,No,No,Yes,Yes,No,No,No,No,
2014-08-15,21,Non-binary,United States,Pennsylvania,No,Yes,Yes,Never,100-500,No,Yes,Yes,Don't know,No,Don't know,No,Very easy,Yes,Don't know,Some of them,No,No,Yes,Don't know,Yes,
2014-05-27,40,Male,India,Not applicable,No,Yes,Yes,Sometimes,26-100,Yes,Yes,Yes,Yes,Yes,Don't know,No,Somewhat difficult,Yes,Yes,No,Some of them,No,Maybe,No,No,
2014-01-20,21,Male,Canada,Not applicable,No,Yes,No,Sometimes,6-25,Yes,Yes,Yes,Don't know,No,No,No,Somewhat difficult,No,No,No,Some of them,No,Maybe,Don't know,No,
2014-02-16,25,Male,United Kingdom,Not applicable,No,No,Yes,Rarely,500-1000,Yes,No,No,No,Yes,Don't know,Don't know,Very difficult,Yes,Don't know,No,Yes,No,No,Don't know,No,
2014-08-21,40,Male,Other,Not applicable,No,No,No,Rarely,26-100,No,Yes,No,Yes,Yes,Yes,Yes,Somewhat difficult,No,No,Some of them,No,Yes,Maybe,Don't know,Yes,
2014-11-01,35,Male,Netherlands,Not applicable,No,Yes,No,Sometimes,26-100,No,Yes,No,Don't know,Yes,Don't know,No,Very easy,Don't know,Don't know,No,No,No,Yes,Don't know,No,
2014-01-14,50,Male,France,Not applicable,No,Yes,No,Never,500-1000,No,No,Yes,No,No,No,Don't know,Very difficult,Don't know,Yes,No,Yes,No,Maybe,Yes,Yes,
2014-05-23,55,Male,United Kingdom,Not applicable,No,Yes,No,Sometimes,500-1000,Yes,Yes,Yes,No,No,Don't know,No,Somewhat difficult,Yes,No,No,Yes,No,No,Don't know,Yes,
2014-01-01,65,Male,India,Not applicable,No,No,No,Rarely,26-100,Yes,Yes,No,No,No,No,No,Very difficult,No,No,Yes,No,No,Yes,Yes,Yes,
2014-02-23,25,Male,United Kingdom,Not applicable,No,Yes,Yes,Often,1000+,Yes,Yes,Yes,Yes,No,Yes,Yes,Very difficult,No,Yes,Some of them,No,No,No,Yes,Don't know,
2014-09-16,60,Female,Netherlands,Not applicable,Yes,No,Yes,Often,500-1000,No,No,No,No,Yes,No,Yes,Somewhat easy,No,No,Some of them,No,No,No,Yes,No,
2014-05-24,25,Non-binary,Canada,Not applicable,No,No,No,Sometimes,26-100,Yes,Yes,No,Don't know,No,Yes,No,Very easy,No,No,Some of them,No,Yes,Yes,Yes,Yes,
2014-01-12,25,Male,Other,Not applicable,Yes,Yes,No,Rarely,100-500,Yes,Yes,No,Yes,Yes,Yes,Yes,Very easy,Yes,No,Some of them,Yes,Yes,Yes,No,Yes,
2014-11-26,40,Male,Other,Not applicable,No,No,Yes,Sometimes,500-1000,No,Yes,Yes,Yes,No,Yes,Don't know,Very easy,Yes,Don't know,Some of them,No,No,Yes,No,Yes,
2014-08-12,18,Male,India,Not applicable,No,No,No,Rarely,26-100,Yes,Yes,Don't know,Yes,Don't know,Don't know,No,Somewhat easy,No,Yes,No,No,No,Yes,Yes,Yes,
2014-09-29,45,Male,United States,California,No,No,Yes,Rarely,100-500,No,Yes,Yes,No,Yes,Yes,Yes,Somewhat difficult,No,No,Some of them,No,Yes,Yes,No,No,
2014-12-24,18,Male,United States,Washington,No,Yes,Yes,Often,500-1000,Yes,Yes,Don't know,No,Yes,No,No,Don't know,Yes,No,No,Some of them,No,Yes,No,No,
2014-06-05,35,Female,France,Not applicable,No,Yes,Yes,Sometimes,100-500,No,Yes,Yes,No,No,No,No,Very difficult,Yes,No,Yes,No,Yes,Yes,No,Don't know,
2014-01-08,60,Male,United States,California,No,No,No,Often,500-1000,No,No,Yes,Don't know,Don't know,Don't know,Yes,Somewhat difficult,No,No,No,Some of them,No,Maybe,Yes,Don't know,
2014-05-02,50,Male,France,Not applicable,No,No,Yes,Never,100-500,No,No,Don't know,No,No,Yes,Yes,Very easy,Yes,No,Some of them,No,No,No,Yes,No,
2014-12-14,30,Female,Canada,Not applicable,No,No,Yes,Never,6-25,No,Yes,Yes,Yes,Don't know,No,No,Somewhat easy,Yes,Yes,No,No,No,Yes,Yes,Yes,
2014-06-13,35,Male,Canada,Not applicable,No,No,Yes,Often,100-500,No,Yes,No,Don't know,No,Don't know,No,Somewhat difficult,Yes,No,Some of them,No,Yes,Maybe,Yes,Yes,
2014-03-31,30,Female,Other,Not applicable,No,No,Yes,Sometimes,100-500,No,Yes,Don't know,No,Don't know,No,No,Very easy,Yes,Don't know,Yes,No,Maybe,No,No,No,
2014-05-16,30,Male,Germany,Not applicable,No,No,No,Sometimes,500-1000,No,No,Don't know,No,Yes,No,No,Very difficult,No,No,Yes,No,Maybe,No,No,Yes,
2014-07-05,50,Male,United Kingdom,Not applicable,No,Yes,Yes,Sometimes,500-1000,No,Yes,Don't know,No,Yes,No,No,Don't know,Yes,No,No,Some of them,No,No,Yes,No,
2014-11-12,21,Male,United Kingdom,Not applicable,No,No,Yes,Rarely,100-500,Yes,Yes,Yes,Don't know,Don't know,Don't know,No,Somewhat easy,Yes,Yes,Yes,No,No,No,No,Don't know,
2014-06-27,18,Male,United States,Washington,No,No,No,Sometimes,1000+,Yes,Yes,No,No,Don't know,No,No,Somewhat difficult,Yes,Yes,Yes,Yes,Maybe,Yes,No,Don't know,
2014-01-28,25,Other,Australia,Not applicable,No,No,Yes,Never,6-25,Yes,Yes,Yes,Yes,Yes,Yes,No,Very easy,Yes,Yes,Yes,No,No,Yes,Don't know,Yes,
2014-08-08,55,Male,United States,Illinois,No,No,No,Sometimes,26-100,No,Yes,Yes,No,Yes,Don't know,Yes,Somewhat difficult,No,No,Some of them,Some of them,No,No,Yes,Yes,
2014-12-23,30,Other,Other,Not applicable,No,Yes,No,Sometimes,26-100,No,Yes,Don't know,Yes,Yes,No,Don't know,Very easy,Yes,Don't know,Yes,No,No,No,Don't know,No,
2014-02-10,60,Male,Netherlands,Not applicable,No,No,Yes,Often,26-100,No,Yes,Yes,Yes,Yes,No,No,Very easy,No,No,Yes,No,No,No,No,No,
2014-08-16,35,Male,United States,Illinois,No,No,No,Sometimes,500-1000,Yes,No,No,No,Yes,Don't know,Don't know,Somewhat difficult,Yes,Yes,Yes,Yes,No,Yes,Yes,Yes,
2014-07-11,21,Male,India,Not applicable,No,Yes,Yes,Never,1-5,No,Yes,No,Yes,Don't know,Yes,No,Somewhat difficult,Yes,No,No,No,Maybe,No,Don't know,No,
2014-05-25,30,Male,United Kingdom,Not applicable,No,No,No,Sometimes,6-25,Yes,Yes,No,Yes,No,No,Yes,Somewhat difficult,Yes,No,No,Yes,No,No,No,No,
2014-07-20,21,Non-binary,United States,California,No,Yes,No,Never,26-100,No,Yes,Don't know,Yes,No,No,No,Somewhat difficult,Yes,No,No,Yes,No,Maybe,No,Yes,
2014-07-31,21,Male,Other,Not applicable,No,Yes,Yes,Rarely,500-1000,Yes,Yes,Yes,No,No,Don't know,No,Somewhat difficult,No,No,No,No,No,Yes,No,Yes,
2014-08-08,30,Male,United States,Florida,Yes,Yes,No,Never,1000+,No,Yes,No,Don't know,No,Yes,No,Very difficult,No,No,Yes,No,No,Maybe,No,Don't know,
2014-08-28,40,Male,United States,Illinois,No,No,No,Sometimes,500-1000,Yes,Yes,Don't know,Don't know,No,No,No,Don't know,Don't know,No,No,No,Yes,No,Yes,No,
2014-02-15,45,Male,United Kingdom,Not applicable,No,No,No,Never,6-25,Yes,Yes,Yes,Yes,No,Don't know,Don't know,Very difficult,Yes,Yes,Some of them,Some of them,No,No,Yes,Yes,
2014-02-04,60,Male,United Kingdom,Not applicable,No,No,No,Sometimes,100-500,No,Yes,Yes,No,No,Yes,No,Very difficult,Yes,Yes,Yes,Yes,Maybe,No,Don't know,No,
2014-09-10,25,Male,Germany,Not applicable,No,No,No,Often,1-5,No,Yes,No,Don't know,No,Yes,No,Somewhat difficult,Yes,Yes,No,No,No,Yes,Don't know,No,
2014-03-23,25,Female,India,Not applicable,No,No,Yes,Sometimes,26-100,Yes,Yes,Yes,Yes,No,Don't know,Yes,Somewhat difficult,No,No,Yes,No,No,Maybe,Yes,Don't know,
2014-09-13,60,Male,Germany,Not applicable,No,Yes,Yes,Never,1000+,No,No,Yes,No,Don't know,Yes,Don't know,Very easy,Yes,Yes,Yes,Yes,Yes,Yes,No,Yes,
2014-07-16,40,Male,Germany,Not applicable,No,Yes,No,Rarely,100-500,Yes,Yes,Don't know,No,Don't know,Don't know,Don't know,Very easy,Yes,No,No,No,No,No,No,Don't know,
2014-10-30,25,Male,United States,Florida,No,No,No,Sometimes,6-25,No,Yes,No,Yes,No,Yes,No,Very difficult,Yes,No,No,No,No,Yes,Yes,Yes,
2014-01-10,21,Male,United States,Texas,No,Yes,No,Often,100-500,No,Yes,Don't know,Don't know,No,No,Yes,Very difficult,Yes,No,Yes,No,No,No,No,No,
2014-11-08,50,Prefer not to say,United States,Pennsylvania,No,No,No,Never,6-25,Yes,Yes,Don't know,Don't know,Yes,No,No,Somewhat difficult,Don't know,No,Yes,Some of them,No,No,No,No,
2014-10-13,35,Male,United States,California,No,No,No,Often,100-500,No,Yes,No,Yes,No,No,Yes,Somewhat easy,No,Don't know,Some of them,No,Yes,Maybe,No,Yes,
2014-08-30,18,Male,United Kingdom,Not applicable,Yes,No,No,Sometimes,100-500,Yes,Yes,Yes,Yes,No,No,No,Very easy,No,No,Some of them,Some of them,Yes,No,Don't know,Yes,
2014-09-08,25,Male,United States,Massachusetts,No,No,No,Sometimes,26-100,No,No,Yes,Yes,Yes,No,Yes,Somewhat easy,No,Don't know,Some of them,No,No,Maybe,Yes,Don't know,
2014-12-31,60,Male,United States,Illinois,No,Yes,No,Often,1000+,No,Yes,Yes,Yes,No,Don't know,No,Somewhat easy,No,No,No,Yes,Yes,No,No,No,
2014-01-05,50,Male,United States,New York,No,Yes,No,Sometimes,100-500,No,Yes,Don't know,No,No,Yes,No,Somewhat difficult,Yes,No,No,No,Maybe,Yes,No,Yes,
2014-04-29,30,Other,Other,Not applicable,Yes,No,Yes,Often,1000+,Yes,No,Yes,No,Yes,No,No,Don't know,No,No,No,Yes,Yes,Yes,No,Yes,
2014-10-16,45,Female,Other,Not applicable,No,Yes,No,Rarely,500-1000,Yes,No,Yes,Yes,Don't know,Yes,No,Very easy,Yes,Yes,Yes,No,No,No,Yes,Yes,
2014-03-06,60,Prefer not to say,Germany,Not applicable,No,No,Yes,Sometimes,500-1000,Yes,Yes,No,Don't know,Yes,No,Don't know,Somewhat difficult,Yes,Don't know,No,No,No,Yes,No,Yes,
2014-05-26,21,Male,Other,Not applicable,No,Yes,No,Sometimes,100-500,No,Yes,Yes,Yes,Don't know,Yes,Yes,Somewhat easy,No,Yes,No,No,No,No,Don't know,Don't know,
2014-08-12,45,Male,Australia,Not applicable,Yes,No,No,Rarely,1-5,No,Yes,Yes,Yes,No,Yes,No,Don't know,No,No,Yes,Yes,No,Yes,Yes,No,
2014-08-27,35,Male,Germany,Not applicable,No,No,No,Sometimes,500-1000,No,Yes,No,Yes,No,No,Yes,Very difficult,No,No,Some of them,No,No,No,No,Don't know,
2014-06-26,35,Male,United States,Texas,No,No,No,Rarely,100-500,No,Yes,Yes,No,No,Yes,Yes,Somewhat easy,No,Yes,Yes,Yes,No,No,Don't know,Yes,
2014-09-24,40,Female,Australia,Not applicable,No,Yes,No,Never,6-25,Yes,Yes,Yes,No,No,Yes,Yes,Don't know,Yes,Yes,No,No,No,No,Yes,No,
2014-12-07,55,Male,India,Not applicable,No,Yes,Yes,Rarely,100-500,Yes,No,Yes,Yes,No,No,No,Somewhat difficult,Yes,Yes,Yes,No,No,Yes,Don't know,Yes,
2014-10-09,40,Female,Germany,Not applicable,No,No,No,Sometimes,500-1000,Yes,Yes,No,Yes,No,No,No,Very easy,Yes,No,No,Some of them,No,Yes,Yes,No,
2014-03-04,50,Female,Australia,Not applicable,No,Yes,No,Often,1000+,Yes,Yes,No,Don't know,No,Don't know,Don't know,Somewhat difficult,No,Don't know,Yes,Yes,No,Yes,Yes,Yes,
2014-08-05,45,Male,United Kingdom,Not applicable,Yes,No,Yes,Sometimes,100-500,Yes,Yes,Yes,Don't know,No,No,No,Somewhat easy,Don't know,No,Yes,No,No,Yes,Yes,Yes,
2014-12-08,55,Male,India,Not applicable,Yes,No,Yes,Sometimes,100-500,No,No,No,Yes,Don't know,Yes,Yes,Somewhat difficult,Yes,Yes,No,No,No,No,Yes,No,
2014-11-11,30,Female,Other,Not applicable,No,No,No,Never,1000+,Yes,Yes,Yes,Yes,Yes,No,No,Don't know,Yes,No,No,Some of them,Maybe,No,Yes,Yes,
2014-10-10,21,Male,United States,Florida,No,No,No,Often,26-100,Yes,Yes,Don't know,No,No,Yes,Yes,Very difficult,No,Don't know,No,No,No,Yes,No,No,
2014-06-26,45,Female,India,Not applicable,No,Yes,No,Sometimes,6-25,No,Yes,Yes,No,Yes,No,No,Somewhat easy,Don't know,Yes,Yes,Yes,No,No,Yes,No,
2014-04-08,40,Male,Canada,Not applicable,No,No,No,Sometimes,26-100,Yes,Yes,No,Yes,No,Don't know,Yes,Somewhat easy,No,No,No,No,Yes,No,Don't know,No,
2014-04-15,18,Male,India,Not applicable,No,No,No,Sometimes,1000+,No,Yes,Don't know,Don't know,No,No,Yes,Very easy,Yes,Don't know,No,No,No,Yes,No,Don't know,
2014-04-09,65,Male,Australia,Not applicable,Yes,No,No,Rarely,6-25,Yes,Yes,Don't know,No,Yes,No,No,Somewhat easy,Don't know,Yes,Yes,No,No,No,No,Yes,
2014-11-07,55,Prefer not to say,United States,Illinois,No,No,No,Sometimes,26-100,No,Yes,Yes,No,Yes,Yes,Don't know,Very easy,Don't know,No,Some of them,Some of them,Maybe,Yes,No,Yes,
2014-01-06,55,Male,Germany,Not applicable,Yes,No,No,Often,100-500,No,Yes,Yes,No,Yes,No,No,Somewhat difficult,Yes,Yes,No,Yes,No,No,No,No,
2014-07-16,21,Female,United States,California,Yes,Yes,Yes,Never,1000+,Yes,Yes,No,Don't know,No,Don't know,Don't know,Somewhat difficult,Don't know,Don't know,Yes,Some of them,No,No,No,No,
2014-12-17,25,Male,India,Not applicable,Yes,Yes,No,Sometimes,1000+,No,Yes,Yes,No,No,Yes,Yes,Very difficult,No,Don't know,Some of them,Yes,Yes,Yes,Yes,Yes,
2014-05-13,35,Female,Canada,Not applicable,No,No,Yes,Often,100-500,No,Yes,Don't know,Yes,Don't know,Yes,Don't know,Very easy,Yes,No,Some of them,Some of them,No,No,Don't know,No,
2014-12-24,35,Female,Australia,Not applicable,Yes,Yes,No,Rarely,1000+,No,Yes,No,Yes,No,No,No,Somewhat easy,No,No,Some of them,Some of them,Maybe,No,No,Yes,
2014-09-16,18,Male,United States,Massachusetts,Yes,No,No,Often,6-25,Yes,Yes,No,No,Yes,No,Yes,Somewhat easy,Don't know,No,No,No,No,Yes,Yes,Yes,
2014-01-23,50,Male,Germany,Not applicable,No,No,Yes,Often,6-25,Yes,Yes,Yes,Yes,Don't know,No,Yes,Very easy,No,Yes,No,No,Yes,No,No,Yes,
2014-02-22,50,Female,United States,Washington,No,Yes,Yes,Sometimes,1000+,No,No,No,No,No,Don't know,Yes,Somewhat easy,Yes,Don't know,Yes,Yes,No,No,No,Yes,
2014-06-14,30,Male,France,Not applicable,No,Yes,No,Rarely,100-500,No,Yes,No,Don't know,No,Yes,No,Somewhat easy,Don't know,Don't know,No,Yes,No,No,Yes,Yes,
2014-07-21,45,Female,Other,Not applicable,No,No,Yes,Rarely,6-25,Yes,Yes,Don't know,No,Yes,No,Yes,Somewhat difficult,Yes,No,Some of them,Yes,No,No,Don't know,Yes,
2014-03-24,65,Male,Other,Not applicable,Yes,Yes,No,Never,100-500,Yes,Yes,Yes,Don't know,No,No,No,Very difficult,No,No,No,Yes,No,No,No,Yes,
2014-05-25,60,Non-binary,Australia,Not applicable,No,No,No,Often,500-1000,Yes,No,Yes,Yes,Don't know,Yes,Don't know,Somewhat difficult,No,Yes,Some of them,No,No,Maybe,No,Yes,
2014-03-26,25,Female,India,Not applicable,No,No,No,Often,1000+,Yes,No,Yes,Don't know,No,No,Yes,Somewhat difficult,Yes,No,Yes,Yes,No,No,No,Yes,
2014-03-19,40,Non-binary,United States,Massachusetts,No,No,Yes,Sometimes,1000+,Yes,Yes,Yes,No,No,Yes,No,Very easy,Yes,No,No,Some of them,No,Maybe,Don't know,No,
2014-01-01,60,Male,United States,New York,No,No,Yes,Rarely,100-500,Yes,Yes,No,Yes,No,Yes,No,Very difficult,Don't know,No,Some of them,No,Yes,Yes,Yes,Yes,
2014-02-20,60,Male,Canada,Not applicable,No,Yes,No,Never,1000+,Yes,Yes,Don't know,No,Don't know,Yes,Don't know,Very easy,Yes,No,Some of them,No,No,No,No,Yes,
2014-06-22,55,Male,Australia,Not applicable,Yes,No,No,Sometimes,100-500,Yes,Yes,Yes,Yes,Yes,Don't know,No,Very easy,No,Yes,Some of them,No,No,Yes,Yes,Yes,
2014-07-24,18,Male,Other,Not applicable,No,Yes,No,Sometimes,500-1000,No,No,Don't know,No,No,No,No,Very easy,No,No,Some of them,No,Maybe,Yes,No,Yes,
2014-09-17,35,Male,United States,Florida,Yes,Yes,Yes,Often,500-1000,Yes,Yes,Yes,No,Don't know,No,No,Somewhat easy,No,Don't know,No,Yes,No,No,Yes,Yes,
2014-10-15,30,Male,Other,Not applicable,No,No,No,Sometimes,100-500,Yes,Yes,Yes,Yes,Yes,Yes,Yes,Somewhat difficult,No,Don't know,No,No,No,No,Yes,Yes,
2014-02-03,50,Female,India,Not applicable,No,No,No,Often,1-5,Yes,No,Yes,No,No,No,Yes,Don't know,Yes,No,Some of them,No,No,No,Don't know,No,
2014-12-14,65,Male,Germany,Not applicable,No,Yes,No,Sometimes,100-500,No,No,Yes,No,No,No,No,Very difficult,Yes,No,No,No,Yes,No,No,No,
2014-04-05,18,Male,United States,Texas,No,No,No,Sometimes,500-1000,No,Yes,Don't know,Yes,No,Don't know,Yes,Somewhat easy,Don't know,No,Yes,Yes,No,No,Yes,Don't know,
2014-03-13,55,Female,United States,Massachusetts,No,No,Yes,Rarely,6-25,No,Yes,Yes,Yes,No,No,No,Somewhat difficult,No,Don't know,No,Some of them,Maybe,No,No,No,
2014-02-08,40,Male,United Kingdom,Not applicable,No,Yes,Yes,Often,6-25,Yes,Yes,No,No,No,No,Yes,Somewhat difficult,Yes,No,No,Yes,Maybe,Yes,No,Yes,
2014-06-03,30,Male,Germany,Not applicable,No,Yes,No,Sometimes,26-100,No,No,Yes,No,No,Yes,No,Very difficult,Don't know,No,Yes,No,Maybe,Yes,Yes,Yes,
2014-09-07,55,Other,United States,California,No,No,No,Rarely,1-5,No,No,Don't know,Don't know,Yes,No,Yes,Somewhat difficult,No,No,No,No,Yes,Yes,Yes,No,
2014-06-11,65,Non-binary,United Kingdom,Not applicable,No,No,Yes,Never,500-1000,Yes,Yes,Yes,Don't know,No,No,Don't know,Somewhat difficult,Yes,No,Yes,No,No,No,Don't know,Yes,
2014-04-28,35,Male,France,Not applicable,No,No,Yes,Rarely,26-100,No,Yes,Yes,No,Yes,Don't know,Don't know,Somewhat difficult,Don't know,Yes,No,Some of them,No,Yes,No,Yes,
2014-09-16,35,Male,France,Not applicable,No,No,No,Sometimes,6-25,No,No,Yes,No,Yes,Yes,Yes,Somewhat difficult,No,Yes,Some of them,No,No,Yes,No,Yes,
2014-11-02,35,Female,Other,Not applicable,No,Yes,Yes,Rarely,500-1000,No,Yes,Yes,No,Don't know,Yes,Yes,Very easy,Yes,No,No,No,No,No,Don't know,No,
2014-09-25,18,Male,United States,New York,No,No,No,Rarely,1000+,No,Yes,Yes,No,No,No,No,Somewhat easy,Yes,Don't know,Some of them,Yes,No,No,No,Don't know,
2014-02-23,18,Male,United States,California,No,No,No,Sometimes,1-5,No,No,Don't know,Yes,Don't know,Yes,Yes,Somewhat difficult,No,No,Yes,Some of them,No,No,Yes,Don't know,
2014-08-24,50,Male,India,Not applicable,Yes,No,No,Never,26-100,Yes,Yes,No,Yes,Yes,Yes,No,Very difficult,No,No,Some of them,No,Yes,Yes,Yes,Yes,
2014-08-10,50,Male,Canada,Not applicable,No,Yes,No,Often,1000+,No,Yes,No,No,No,Don't know,Yes,Somewhat easy,Yes,No,Yes,Yes,No,No,No,Yes,
2014-09-08,40,Male,United States,Illinois,No,Yes,No,Sometimes,100-500,Yes,No,No,Yes,Yes,No,Don't know,Don't know,Yes,No,Yes,No,Yes,No,Don't know,No,
2014-11-09,65,Male,United States,Washington,No,Yes,No,Sometimes,1000+,No,No,Yes,No,No,Don't know,Don't know,Somewhat easy,Yes,No,Some of them,Yes,No,Maybe,Yes,No,
2014-04-22,30,Male,Canada,Not applicable,No,No,No,Never,26-100,Yes,Yes,Yes,Don't know,No,Don't know,No,Somewhat easy,No,No,Some of them,Yes,Yes,No,Yes,Yes,
2014-09-12,21,Non-binary,United States,Texas,No,No,No,Rarely,26-100,No,Yes,Don't know,Yes,Yes,Yes,No,Somewhat easy,Yes,No,Yes,Some of them,No,Yes,Don't know,No,
2014-10-30,21,Male,United States,California,No,No,No,Rarely,26-100,Yes,Yes,Don't know,No,Don't know,No,Don't know,Don't know,Yes,Don't know,Some of them,No,No,No,Yes,No,
2014-07-26,55,Female,United States,Florida,No,Yes,Yes,Often,6-25,Yes,Yes,Don't know,Don't know,Yes,Yes,Don't know,Somewhat easy,No,No,No,Yes,Maybe,Yes,No,Don't know,
2014-08-17,35,Non-binary,United States,Illinois,No,Yes,Yes,Sometimes,1000+,Yes,Yes,Don't know,No,No,Don't know,Don't know,Somewhat difficult,No,No,Some of them,No,Maybe,Yes,Yes,No,
2014-12-07,30,Male,Germany,Not applicable,No,No,Yes,Rarely,1000+,Yes,No,Yes,Yes,Don't know,No,Yes,Very easy,No,Yes,No,Some of them,No,Yes,No,Yes,
2014-03-07,60,Male,Germany,Not applicable,Yes,No,Yes,Sometimes,1000+,No,Yes,Yes,Yes,Don't know,No,Yes,Somewhat difficult,Yes,No,No,Yes,Yes,No,No,No,
2014-03-16,18,Male,Germany,Not applicable,Yes,No,No,Rarely,1000+,Yes,Yes,Yes,No,Don't know,Yes,No,Very difficult,Yes,Don't know,No,No,Yes,No,Yes,No,
2014-04-13,45,Male,United States,Illinois,No,Yes,No,Often,1000+,No,Yes,Yes,No,No,No,No,Somewhat easy,Yes,Yes,Yes,No,Maybe,No,No,No,
2014-07-11,25,Female,United States,Texas,No,No,No,Often,500-1000,Yes,No,Yes,Yes,Yes,Yes,Yes,Very difficult,Don't know,No,No,Yes,No,No,No,No,
2014-09-09,40,Male,Germany,Not applicable,No,Yes,No,Sometimes,1000+,Yes,Yes,Yes,Yes,Yes,No,Yes,Don't know,No,No,No,No,Yes,Yes,No,Don't know,
2014-08-14,35,Prefer not to say,Germany,Not applicable,Yes,Yes,No,Sometimes,26-100,Yes,Yes,No,Don't know,No,No,Don't know,Very easy,Yes,No,Yes,Yes,Maybe,No,No,No,
2014-10-21,35,Male,United Kingdom,Not applicable,No,No,No,Often,100-500,Yes,Yes,Don't know,No,No,Don't know,Don't know,Very difficult,Yes,No,Yes,No,No,No,No,Yes,
2014-11-02,65,Male,United States,Illinois,No,Yes,No,Sometimes,500-1000,No,Yes,No,Don't know,Yes,Yes,No,Somewhat easy,No,Yes,Yes,Some of them,Maybe,No,No,No,
2014-04-08,35,Male,Other,Not applicable,No,Yes,Yes,Sometimes,1000+,No,Yes,Don't know,No,No,No,Don't know,Very easy,No,Don't know,Some of them,Yes,No,No,No,No,
2014-12-04,18,Male,United States,Florida,Yes,No,Yes,Often,500-1000,Yes,Yes,Yes,Don't know,No,Don't know,No,Somewhat difficult,No,No,No,Some of them,No,Yes,No,Yes,
2014-10-13,18,Male,Canada,Not applicable,No,No,No,Sometimes,1000+,No,Yes,Yes,Yes,No,Yes,Don't know,Somewhat difficult,Don't know,Yes,Some of them,No,No,No,No,Yes,
2014-12-01,25,Male,India,Not applicable,No,No,No,Sometimes,100-500,Yes,Yes,No,No,No,Don't know,No,Somewhat easy,No,Yes,Some of them,No,Maybe,No,No,No,
2014-12-13,60,Male,United Kingdom,Not applicable,No,No,Yes,Often,500-1000,Yes,Yes,Yes,Yes,No,Yes,Yes,Very easy,No,Don't know,No,No,Maybe,No,Yes,Yes,
2014-11-04,30,Male,United States,California,No,Yes,Yes,Sometimes,1000+,No,Yes,Yes,No,Don't know,No,No,Don't know,Don't know,Yes,Some of them,Yes,No,No,Yes,No,
2014-09-06,35,Other,Canada,Not applicable,No,Yes,No,Sometimes,6-25,Yes,Yes,Yes,No,Yes,No,No,Somewhat difficult,No,No,Yes,Some of them,No,Maybe,Yes,Yes,
2014-06-15,21,Male,Australia,Not applicable,No,No,Yes,Rarely,1000+,No,Yes,Yes,Yes,No,No,No,Somewhat easy,No,No,Yes,No,No,Yes,Don't know,Don't know,
2014-12-01,50,Female,United States,Texas,No,No,No,Rarely,100-500,No,Yes,No,Don't know,Yes,Don't know,Yes,Somewhat difficult,Don't know,Don't know,No,No,Maybe,No,No,Yes,
2014-01-30,65,Female,United States,Pennsylvania,Yes,No,No,Never,500-1000,No,Yes,Yes,Don't know,Yes,Yes,Don't know,Very easy,Yes,No,No,No,No,No,No,Yes,
2014-09-04,65,Non-binary,United States,Illinois,No,Yes,No,Sometimes,1000+,No,Yes,No,Yes,No,Yes,Yes,Somewhat easy,Yes,No,Some of them,No,No,Yes,Yes,Yes,
2014-04-16,21,Male,France,Not applicable,No,No,No,Sometimes,100-500,Yes,Yes,No,No,Don't know,No,Yes,Somewhat difficult,Don't know,Yes,No,Some of them,No,Yes,Yes,No,
2014-02-20,55,Non-binary,United States,Illinois,No,Yes,No,Often,100-500,Yes,Yes,Yes,Yes,Yes,Don't know,No,Somewhat difficult,No,Don't know,Yes,No,No,No,Don't know,Yes,
2014-03-22,21,Male,Other,Not applicable,No,No,No,Sometimes,100-500,Yes,Yes,Yes,No,No,Yes,No,Somewhat easy,Don't know,No,No,Some of them,No,Yes,Don't know,Yes,
2014-05-13,55,Male,United Kingdom,Not applicable,No,No,No,Sometimes,1-5,Yes,No,Yes,Don't know,No,Don't know,No,Very difficult,Yes,Don't know,No,No,No,Yes,Yes,No,
2014-10-12,45,Male,Other,Not applicable,No,No,No,Rarely,100-500,No,No,Yes,Yes,Yes,No,No,Somewhat easy,No,No,Yes,Yes,Maybe,Maybe,No,Yes,
2014-05-18,50,Female,Other,Not applicable,No,No,Yes,Often,26-100,No,Yes,No,Don't know,Don't know,Yes,No,Somewhat difficult,Yes,No,No,Some of them,No,No,No,No,
2014-07-03,65,Male,Canada,Not applicable,No,No,No,Sometimes,1000+,No,Yes,No,Yes,No,No,No,Somewhat easy,No,Yes,Some of them,No,No,Yes,Yes,No,
2014-11-26,21,Female,United States,Florida,No,No,No,Sometimes,6-25,No,Yes,No,No,Yes,Yes,No,Somewhat easy,Yes,No,Some of them,No,No,No,No,No,
2014-09-30,45,Male,United States,Washington,No,No,No,Rarely,100-500,Yes,Yes,Yes,No,No,No,Yes,Somewhat easy,Yes,No,No,Some of them,Yes,No,No,Yes,
2014-12-06,40,Female,United States,Washington,No,Yes,No,Sometimes,1000+,No,Yes,No,Yes,No,Yes,No,Somewhat difficult,Yes,No,No,Yes,Maybe,No,No,No,
2014-03-10,30,Prefer not to say,India,Not applicable,Yes,No,No,Sometimes,1000+,No,Yes,No,Yes,No,No,Don't know,Somewhat easy,No,Yes,Yes,No,No,No,Yes,Yes,
2014-02-03,45,Male,United States,Massachusetts,No,Yes,Yes,Sometimes,500-1000,No,Yes,Yes,Don't know,No,No,Yes,Very easy,Yes,Yes,No,Yes,Maybe,No,Yes,Don't know,
2014-09-19,30,Prefer not to say,United States,Illinois,No,No,No,Often,100-500,Yes,No,No,No,Yes,No,No,Very easy,Yes,Yes,Some of them,No,No,Yes,Yes,Don't know,
2014-02-22,21,Male,Canada,Not applicable,Yes,No,No,Often,26-100,No,Yes,Yes,Yes,No,No,Don't know,Somewhat difficult,Yes,No,No,Some of them,No,No,Yes,Yes,
2014-07-24,60,Male,Other,Not applicable,No,No,No,Often,100-500,Yes,No,No,No,Yes,No,No,Very easy,Yes,Don't know,Yes,Some of them,Maybe,Yes,No,Yes,
2014-05-06,45,Male,United States,Pennsylvania,No,Yes,No,Sometimes,6-25,No,No,No,Yes,Don't know,Yes,No,Somewhat difficult,Don't know,No,Some of them,No,No,Yes,Yes,Yes,
2014-08-23,50,Male,United States,California,Yes,Yes,Yes,Often,500-1000,No,Yes,Yes,Yes,No,No,Don't know,Somewhat easy,Yes,No,Some of them,No,Maybe,No,No,Yes,
2014-02-12,21,Male,United States,Texas,No,No,No,Often,26-100,Yes,Yes,No,No,Yes,Don't know,Yes,Somewhat difficult,Yes,Yes,No,Some of them,Yes,Yes,No,No,
2014-08-28,35,Male,Other,Not applicable,No,No,Yes,Rarely,500-1000,No,Yes,Yes,Yes,Don't know,Don't know,Yes,Don't know,Don't know,No,Yes,No,No,No,No,No,
2014-04-21,18,Male,Germany,Not applicable,No,No,No,Rarely,100-500,No,Yes,Yes,Don't know,Yes,Yes,Don't know,Somewhat difficult,No,No,Yes,Yes,No,No,No,Yes,
2014-09-06,45,Non-binary,United States,Illinois,No,Yes,No,Rarely,100-500,Yes,Yes,Don't know,No,No,Yes,Don't know,Very difficult,No,Don't know,Yes,No,No,Yes,No,No,
2014-05-31,50,Female,United States,New York,Yes,No,Yes,Never,100-500,No,Yes,Don't know,Don't know,No,Don't know,No,Very difficult,No,No,No,Some of them,No,Yes,Yes,Don't know,
2014-07-02,40,Female,United States,Texas,Yes,No,No,Never,1000+,No,Yes,Yes,No,Yes,No,No,Don't know,Don't know,No,Yes,Some of them,No,No,Yes,No,
2014-12-02,35,Non-binary,United States,Massachusetts,No,Yes,Yes,Never,26-100,No,No,Yes,Don't know,Don't know,No,Don't know,Somewhat easy,Yes,No,Some of them,No,Maybe,Maybe,Yes,Yes,
2014-04-05,40,Female,Other,Not applicable,No,Yes,Yes,Sometimes,100-500,No,Yes,Yes,No,No,No,No,Very difficult,Don't know,Yes,Some of them,Some of them,No,No,Yes,No,
2014-01-08,21,Male,Australia,Not applicable,No,No,No,Rarely,6-25,No,No,Yes,No,Yes,Yes,Yes,Don't know,Don't know,No,No,Yes,No,No,Yes,No,
2014-12-26,18,Male,Canada,Not applicable,Yes,No,No,Rarely,1-5,No,Yes,Don't know,Don't know,No,No,Yes,Somewhat easy,No,Yes,No,Yes,No,Yes,Yes,Don't know,
2014-07-03,45,Female,Netherlands,Not applicable,No,No,No,Sometimes,500-1000,Yes,No,Don't know,No,No,Don't know,No,Somewhat easy,No,No,No,Some of them,No,Yes,No,Yes,
2014-10-08,45,Male,United States,Washington,No,No,No,Often,6-25,Yes,Yes,No,Yes,Don't know,No,Don't know,Don't know,No,Yes,Some of them,Yes,No,No,Don't know,Yes,
2014-07-14,60,Female,India,Not applicable,No,No,No,Often,1-5,No,Yes,Yes,No,No,Yes,Don't know,Somewhat difficult,Yes,No,Some of them,Yes,No,Yes,Yes,No,
2014-12-18,65,Male,France,Not applicable,No,No,No,Sometimes,1000+,No,No,No,Don't know,No,Yes,Don't know,Somewhat easy,Yes,No,Yes,No,No,Maybe,Don't know,No,
2014-07-14,60,Male,United States,Pennsylvania,Yes,Yes,Yes,Sometimes,100-500,No,Yes,Yes,No,No,Yes,Don't know,Very difficult,Don't know,No,Yes,No,Yes,No,Yes,No,
2014-06-04,21,Male,India,Not applicable,No,Yes,Yes,Rarely,6-25,No,Yes,Don't know,No,No,No,No,Somewhat easy,No,No,Some of them,No,Yes,No,No,Yes,
2014-04-03,21,Male,United States,Illinois,No,No,No,Rarely,1-5,No,Yes,Don't know,No,No,Yes,No,Very easy,Yes,Yes,No,Yes,Yes,No,No,No,
2014-06-09,18,Male,United States,Florida,No,No,No,Rarely,6-25,Yes,Yes,No,Don't know,Yes,Yes,No,Somewhat difficult,No,No,Yes,Some of them,No,No,Don't know,Yes,
2014-03-02,60,Female,United States,New York,No,No,No,Rarely,100-500,No,Yes,Yes,Yes,No,Don't know,No,Somewhat difficult,No,No,No,Some of them,Maybe,No,Yes,Yes,
2014-05-02,50,Male,Canada,Not applicable,No,No,No,Often,500-1000,Yes,No,Yes,No,No,Yes,No,Very difficult,Yes,Don't know,Some of them,No,Yes,Maybe,Yes,No,
2014-02-20,50,Male,India,Not applicable,No,Yes,No,Never,500-1000,No,Yes,Yes,Yes,Don't know,Yes,Yes,Somewhat difficult,No,No,Yes,No,Yes,Maybe,Yes,Yes,
2014-10-04,18,Non-binary,Other,Not applicable,No,No,Yes,Never,6-25,No,Yes,Don't know,No,Yes,Yes,Don't know,Very difficult,No,No,Some of them,No,No,Maybe,No,Yes,
2014-01-05,65,Female,Germany,Not applicable,No,Yes,Yes,Never,500-1000,No,No,Yes,No,No,Yes,No,Somewhat easy,Yes,No,Yes,No,No,No,Don't know,No,
2014-04-02,50,Male,Netherlands,Not applicable,No,No,No,Sometimes,100-500,Yes,Yes,Yes,Yes,Don't know,No,No,Somewhat difficult,Don't know,Yes,Some of them,No,Yes,No,No,No,
2014-06-19,55,Female,France,Not applicable,No,No,No,Rarely,100-500,No,Yes,Yes,Yes,No,Don't know,No,Somewhat easy,Yes,Yes,No,No,No,No,No,Yes,
2014-11-13,30,Male,United States,Illinois,No,No,No,Sometimes,1000+,No,No,Don't know,No,Don't know,Don't know,No,Somewhat easy,No,Yes,Yes,No,No,Yes,No,No,
2014-01-22,18,Male,Canada,Not applicable,No,No,Yes,Never,26-100,No,Yes,Yes,Yes,Don't know,No,Yes,Very difficult,Yes,No,No,Yes,No,Yes,Don't know,Yes,
2014-11-22,18,Male,United States,Pennsylvania,No,Yes,No,Rarely,6-25,Yes,Yes,Don't know,Yes,No,No,Don't know,Somewhat easy,No,No,Some of them,No,No,Yes,No,Yes,
2014-01-01,25,Female,India,Not applicable,No,No,Yes,Never,1000+,No,Yes,Don't know,Don't know,No,No,Yes,Very difficult,Yes,Don't know,Some of them,No,No,Yes,Yes,Yes,
2014-05-13,35,Female,Other,Not applicable,Yes,Yes,Yes,Sometimes,26-100,No,Yes,Don't know,Yes,Yes,Yes,Yes,Somewhat easy,Yes,No,No,No,No,No,Don't know,Yes,
2014-08-21,35,Male,United States,Massachusetts,No,No,No,Never,26-100,No,Yes,Yes,No,No,Yes,No,Very easy,Don't know,No,No,No,No,Yes,Yes,Don't know,
2014-01-12,55,Non-binary,India,Not applicable,No,No,Yes,Sometimes,500-1000,No,Yes,Yes,Don't know,Yes,Don't know,No,Very easy,Yes,No,No,No,Yes,Maybe,Yes,Yes,
2014-12-12,60,Male,Germany,Not applicable,No,No,No,Sometimes,500-1000,Yes,No,Yes,Yes,No,Yes,Don't know,Somewhat difficult,No,Yes,No,No,No,No,Yes,No,
2014-02-15,21,Male,Germany,Not applicable,No,No,Yes,Sometimes,1000+,Yes,Yes,Yes,Yes,No,Yes,Don't know,Somewhat easy,No,Yes,Some of them,Yes,No,Yes,No,No,
2014-02-03,21,Male,United States,California,No,Yes,No,Rarely,6-25,No,Yes,Yes,No,No,No,Don't know,Somewhat difficult,Don't know,No,Yes,No,Maybe,Yes,No,Don't know,
2014-03-19,40,Male,United States,New York,No,No,No,Rarely,100-500,Yes,No,No,No,Yes,No,Yes,Somewhat difficult,No,No,Yes,No,No,No,Yes,Yes,
2014-08-06,55,Male,United States,Massachusetts,No,Yes,Yes,Never,6-25,No,Yes,Yes,Don't know,Don't know,Yes,Yes,Somewhat easy,Yes,Don't know,No,No,No,No,No,Don't know,
2014-10-28,18,Male,United States,Illinois,No,No,No,Sometimes,100-500,Yes,No,Don't know,Don't know,Yes,Yes,No,Somewhat difficult,Yes,No,Yes,No,No,Maybe,No,Don't know,
2014-03-14,55,Female,United States,California,No,Yes,Yes,Sometimes,26-100,No,Yes,Yes,No,Yes,No,Yes,Somewhat easy,Don't know,Don't know,Some of them,No,No,Maybe,Don't know,Yes,
2014-10-09,55,Male,Germany,Not applicable,No,Yes,No,Sometimes,500-1000,Yes,No,No,Yes,Yes,No,Don't know,Don't know,Don't know,No,No,Some of them,Maybe,Maybe,No,Yes,
2014-09-06,55,Male,United States,New York,No,No,Yes,Sometimes,1-5,No,Yes,No,Yes,Don't know,Yes,No,Somewhat easy,Yes,No,No,No,No,No,No,Yes,
2014-02-16,35,Male,Netherlands,Not applicable,No,No,Yes,Often,1-5,Yes,Yes,No,Yes,Don't know,No,Don't know,Very easy,No,No,Some of them,No,No,Yes,No,No,
2014-05-01,55,Male,United Kingdom,Not applicable,No,Yes,Yes,Sometimes,100-500,Yes,Yes,Don't know,Yes,No,No,Yes,Somewhat easy,No,Yes,No,Some of them,Yes,No,Yes,No,
2014-08-02,65,Male,India,Not applicable,No,Yes,Yes,Never,1000+,Yes,Yes,No,No,Don't know,Don't know,No,Somewhat difficult,Don't know,Yes,No,No,No,Yes,Yes,Yes,
2014-08-27,30,Female,Canada,Not applicable,No,No,No,Sometimes,1000+,Yes,No,Don't know,No,Yes,Yes,No,Somewhat difficult,Don't know,Yes,Yes,No,No,No,No,No,
2014-02-25,21,Male,United Kingdom,Not applicable,No,Yes,No,Never,1000+,No,Yes,Yes,Yes,Don't know,Yes,Yes,Don't know,Don't know,No,No,Yes,No,No,Yes,Yes,
2014-12-16,40,Female,Other,Not applicable,No,Yes,Yes,Sometimes,100-500,Yes,Yes,No,Don't know,Yes,No,No,Very difficult,Don't know,No,Yes,No,No,No,Yes,No,
2014-04-17,30,Non-binary,United States,California,No,No,No,Rarely,1-5,No,No,Yes,Yes,Yes,No,No,Somewhat easy,Don't know,Yes,No,No,No,Yes,No,Yes,
2014-11-15,40,Male,United States,California,No,Yes,Yes,Never,26-100,No,Yes,Yes,No,Yes,Yes,No,Somewhat difficult,Yes,No,No,No,No,No,Yes,No,
2014-02-17,25,Female,Australia,Not applicable,No,No,No,Often,500-1000,No,Yes,Yes,No,No,No,No,Somewhat difficult,Don't know,No,Yes,No,No,No,Yes,Yes,
2014-03-02,40,Male,United States,New York,No,No,No,Sometimes,6-25,No,Yes,Yes,No,No,Yes,Yes,Don't know,No,No,No,Some of them,Yes,Maybe,No,Yes,
2014-12-03,21,Male,United States,New York,Yes,No,No,Rarely,26-100,No,Yes,Yes,No,No,Yes,No,Somewhat easy,Don't know,No,Yes,Yes,No,Yes,No,No,
2014-01-26,21,Male,United States,California,No,No,No,Never,1-5,No,Yes,Yes,Yes,Don't know,No,Yes,Somewhat easy,No,No,Some of them,No,No,Maybe,Don't know,Yes,
2014-10-19,55,Male,United States,Massachusetts,No,No,No,Sometimes,100-500,No,No,Yes,No,No,Yes,Yes,Very difficult,Yes,No,Yes,No,No,No,No,No,
2014-09-14,45,Male,Germany,Not applicable,No,Yes,Yes,Often,26-100,Yes,Yes,Don't know,No,Yes,Don't know,Yes,Somewhat easy,No,No,Some of them,No,Yes,No,No,Don't know,
2014-01-08,25,Male,United States,Pennsylvania,No,Yes,No,Sometimes,6-25,No,Yes,Yes,Don't know,No,No,Yes,Somewhat difficult,No,No,No,Some of them,No,No,No,Yes,
2014-04-23,65,Male,Netherlands,Not applicable,No,No,No,Often,100-500,No,No,No,No,No,No,No,Don't know,Yes,Yes,No,Yes,No,No,Yes,No,
2014-12-21,18,Male,Australia,Not applicable,Yes,Yes,No,Never,100-500,No,Yes,Yes,No,Don't know,No,Yes,Very difficult,Yes,No,Yes,Yes,Maybe,Yes,Yes,Yes,
2014-09-10,50,Male,India,Not applicable,No,No,No,Sometimes,100-500,No,Yes,Don't know,No,No,No,No,Somewhat easy,No,Yes,Some of them,No,No,Yes,No,Yes,
2014-06-29,40,Non-binary,Germany,Not applicable,No,No,No,Sometimes,500-1000,No,Yes,Don't know,Don't know,No,Yes,No,Somewhat easy,Yes,No,Yes,No,Yes,Maybe,No,Yes,
2014-07-26,45,Female,Netherlands,Not applicable,No,Yes,No,Sometimes,6-25,Yes,Yes,No,Yes,Yes,Don't know,No,Somewhat easy,Yes,No,No,No,Yes,No,No,Don't know,
2014-10-30,55,Male,United States,Washington,No,No,No,Never,500-1000,No,Yes,No,No,No,Don't know,Don't know,Don't know,Yes,No,Some of them,Some of them,Yes,Yes,No,Yes,
2014-05-07,35,Male,Netherlands,Not applicable,No,No,No,Sometimes,1-5,No,Yes,Yes,No,Don't know,Yes,No,Don't know,Don't know,No,Some of them,Yes,No,No,Yes,Don't know,
2014-02-25,18,Non-binary,Australia,Not applicable,No,No,No,Sometimes,100-500,Yes,Yes,Don't know,No,Yes,Yes,No,Very difficult,No,Yes,No,No,Yes,No,No,Don't know,
2014-08-02,60,Female,India,Not applicable,No,No,Yes,Sometimes,100-500,No,No,Don't know,Yes,Don't know,Yes,Don't know,Somewhat difficult,Yes,Don't know,Some of them,No,No,Yes,No,Yes,
2014-01-14,45,Female,United Kingdom,Not applicable,No,No,No,Sometimes,1000+,No,Yes,Don't know,No,No,No,No,Very easy,No,No,No,Some of them,No,No,No,No,
2014-01-28,35,Male,United States,New York,No,No,No,Sometimes,100-500,No,No,No,Yes,Yes,No,No,Somewhat difficult,No,No,Yes,Some of them,Maybe,Yes,No,No,
2014-03-19,25,Male,Canada,Not applicable,Yes,No,Yes,Sometimes,6-25,No,Yes,Yes,No,Don't know,Don't know,No,Somewhat easy,Yes,No,No,No,No,Yes,Don't know,Yes,
2014-08-04,55,Male,Australia,Not applicable,No,No,Yes,Rarely,100-500,Yes,Yes,Don't know,No,No,No,No,Somewhat difficult,Yes,Yes,Yes,No,No,No,Don't know,Yes,
2014-12-31,18,Male,United States,Illinois,No,Yes,No,Rarely,100-500,No,Yes,Yes,Don't know,No,No,No,Somewhat difficult,No,Yes,Yes,Yes,No,No,Don't know,Yes,
2014-06-03,18,Female,Australia,Not applicable,Yes,Yes,Yes,Sometimes,100-500,No,No,No,No,Yes,No,Yes,Somewhat difficult,No,No,Some of them,No,No,Yes,Yes,No,
2014-01-14,18,Female,United States,Texas,No,No,Yes,Often,6-25,Yes,Yes,Yes,Yes,Yes,No,Yes,Don't know,No,Yes,No,No,No,No,Yes,No,
2014-07-06,25,Male,United States,Florida,No,Yes,No,Never,100-500,Yes,Yes,Don't know,Yes,Don't know,No,Yes,Very easy,Yes,Yes,Yes,No,No,Yes,Yes,Yes,
2014-11-08,40,Non-binary,United States,California,No,Yes,Yes,Sometimes,6-25,No,No,Yes,Don't know,No,No,No,Somewhat difficult,Yes,Don't know,Some of them,No,No,Yes,Yes,Yes,
2014-01-07,60,Male,United States,California,No,No,No,Rarely,500-1000,Yes,Yes,Yes,Yes,Don't know,No,Yes,Somewhat easy,Don't know,No,Yes,No,No,Yes,No,Don't know,
2014-01-03,65,Male,United Kingdom,Not applicable,No,Yes,Yes,Rarely,100-500,No,No,No,No,Yes,No,No,Somewhat difficult,Yes,No,Some of them,No,Maybe,Yes,No,Yes,
2014-04-21,25,Male,United States,Florida,No,No,Yes,Sometimes,1-5,Yes,Yes,No,Yes,Yes,No,No,Somewhat difficult,No,No,Some of them,No,No,Yes,No,No,
2014-08-26,50,Non-binary,Other,Not applicable,No,No,No,Sometimes,1000+,No,No,No,No,Yes,No,No,Very easy,Yes,Don't know,Some of them,Yes,Maybe,No,Don't know,Yes,
2014-12-29,60,Male,United Kingdom,Not applicable,No,No,No,Never,500-1000,No,No,Yes,No,No,No,No,Somewhat easy,Yes,Yes,Some of them,Yes,Yes,No,Don't know,No,
2014-08-27,21,Non-binary,United States,Washington,No,No,Yes,Sometimes,26-100,Yes,Yes,Yes,Yes,Don't know,No,Don't know,Very easy,Yes,No,Yes,Yes,No,Yes,Yes,Don't know,
2014-10-01,55,Female,India,Not applicable,No,Yes,Yes,Often,1-5,No,Yes,No,Yes,No,No,No,Very easy,Yes,No,No,Some of them,Maybe,Yes,Don't know,Yes,
2014-10-21,25,Male,Netherlands,Not applicable,No,No,No,Often,500-1000,No,Yes,Don't know,Don't know,No,No,No,Somewhat difficult,Yes,Yes,Yes,Yes,No,Yes,No,Yes,
2014-08-15,35,Male,India,Not applicable,No,No,Yes,Never,100-500,No,No,Don't know,No,Don't know,No,Don't know,Somewhat easy,Yes,No,Yes,Some of them,Maybe,No,No,Yes,
2014-01-15,60,Non-binary,United States,Florida,No,No,Yes,Sometimes,1000+,No,Yes,Yes,No,No,Yes,No,Somewhat difficult,No,No,No,Yes,Yes,Yes,No,Yes,
2014-07-11,50,Male,Netherlands,Not applicable,No,No,Yes,Rarely,1-5,No,Yes,Don't know,Don't know,Yes,Yes,No,Somewhat easy,No,No,Yes,No,Maybe,Yes,Yes,Yes,
2014-04-29,21,Non-binary,Australia,Not applicable,Yes,Yes,No,Rarely,1-5,No,Yes,Yes,Don't know,Don't know,No,Yes,Somewhat difficult,Yes,Yes,Some of them,Some of them,No,No,Don't know,No,
2014-01-28,40,Non-binary,United States,New York,No,No,No,Sometimes,1000+,No,Yes,No,Yes,No,No,No,Somewhat difficult,Don't know,No,Some of them,No,Yes,No,No,Yes,
2014-07-21,35,Male,United States,Florida,No,Yes,No,Sometimes,1000+,No,Yes,Yes,Don't know,Yes,Don't know,Don't know,Somewhat easy,Yes,No,No,Yes,Maybe,Yes,Don't know,Yes,
2014-02-08,60,Male,United Kingdom,Not applicable,Yes,No,No,Never,1-5,Yes,Yes,Yes,Yes,Yes,No,No,Somewhat difficult,Yes,No,No,Yes,No,No,Don't know,No,
2014-09-30,55,Non-binary,United States,California,No,No,No,Often,500-1000,No,Yes,No,Yes,No,No,No,Very difficult,No,Don't know,No,Some of them,Yes,Yes,No,No,
2014-08-19,35,Female,France,Not applicable,No,Yes,No,Often,26-100,No,Yes,No,Don't know,No,Yes,No,Very easy,No,Don't know,Some of them,No,Yes,Yes,Yes,Yes,
2014-03-27,21,Male,United States,Florida,No,Yes,No,Sometimes,500-1000,Yes,Yes,Yes,Yes,Yes,Yes,Don't know,Somewhat difficult,No,No,No,No,No,No,Yes,No,
2014-05-06,35,Male,Other,Not applicable,No,Yes,Yes,Sometimes,1000+,Yes,Yes,Yes,Yes,Yes,No,Yes,Somewhat easy,Yes,Don't know,Yes,No,Maybe,No,Yes,No,
2014-10-27,30,Male,United Kingdom,Not applicable,No,No,No,Rarely,6-25,Yes,No,Yes,Yes,No,Yes,No,Very easy,Don't know,Yes,No,No,Yes,No,Yes,No,
2014-01-25,65,Non-binary,United States,Texas,No,No,No,Sometimes,26-100,Yes,No,No,No,Don't know,No,Yes,Somewhat difficult,No,Yes,No,Yes,No,Yes,Don't know,Yes,
2014-05-25,45,Female,United States,Illinois,Yes,Yes,No,Rarely,1-5,Yes,Yes,Yes,No,No,No,No,Somewhat easy,Yes,No,Some of them,No,Yes,No,Yes,Yes,
2014-01-13,40,Female,United Kingdom,Not applicable,No,No,No,Often,1-5,Yes,Yes,Yes,No,Yes,No,No,Very difficult,Yes,No,Yes,No,No,Yes,Don't know,No,
2014-07-31,21,Male,Australia,Not applicable,No,Yes,Yes,Never,1-5,No,Yes,No,Don't know,Yes,Don't know,Yes,Very easy,Don't know,No,Yes,Yes,Yes,No,No,No,
2014-01-25,65,Male,Australia,Not applicable,No,No,No,Rarely,1000+,Yes,Yes,No,No,Yes,No,No,Very easy,No,No,Some of them,No,No,No,Yes,No,
2014-03-09,65,Non-binary,United States,New York,No,Yes,No,Sometimes,26-100,Yes,Yes,No,Yes,Yes,Yes,No,Somewhat difficult,Yes,Yes,Some of them,Some of them,Yes,Yes,No,Yes,
2014-03-08,35,Male,United States,Florida,No,No,No,Rarely,100-500,Yes,Yes,No,Don't know,No,Don't know,Yes,Somewhat difficult,Yes,Yes,Some of them,Some of them,No,No,No,No,
2014-08-21,45,Male,United States,California,No,No,Yes,Rarely,500-1000,Yes,Yes,Don't know,Yes,No,Don't know,No,Somewhat difficult,Yes,Don't know,No,Yes,Maybe,No,No,No,
2014-04-19,65,Male,India,Not applicable,No,No,No,Sometimes,100-500,Yes,No,Don't know,Yes,No,Yes,Yes,Somewhat easy,No,Don't know,No,No,No,Yes,No,Yes,
2014-05-26,45,Female,United States,Massachusetts,Yes,No,No,Often,100-500,No,Yes,Don't know,Yes,No,Yes,No,Very difficult,Don't know,No,No,Some of them,Yes,Maybe,Yes,Yes,
2014-04-21,35,Non-binary,Canada,Not applicable,No,No,No,Sometimes,1-5,No,Yes,No,No,Yes,Yes,No,Don't know,Yes,No,Yes,Yes,No,No,No,No,
2014-08-16,55,Male,Germany,Not applicable,No,No,No,Rarely,100-500,No,Yes,Yes,Yes,No,Yes,No,Somewhat difficult,Yes,No,No,Yes,No,Yes,No,No,
2014-04-21,30,Male,Other,Not applicable,No,No,No,Rarely,6-25,No,No,Don't know,Yes,No,Don't know,No,Very difficult,Don't know,Yes,Yes,Some of them,Yes,Maybe,No,Yes,
2014-02-03,65,Male,United States,Illinois,No,No,No,Rarely,500-1000,Yes,Yes,Yes,Yes,No,No,No,Somewhat difficult,No,No,Yes,No,Yes,No,Don't know,No,
2014-04-21,25,Prefer not to say,United States,New York,No,No,No,Sometimes,26-100,Yes,Yes,Yes,Yes,Yes,No,Yes,Very easy,No,No,Some of them,No,Yes,No,Yes,No,
2014-09-21,30,Male,Germany,Not applicable,No,Yes,No,Sometimes,500-1000,Yes,Yes,Yes,No,No,Don't know,Don't know,Somewhat easy,Yes,No,Yes,No,No,No,Yes,No,
2014-08-24,35,Male,Germany,Not applicable,No,No,Yes,Never,500-1000,No,Yes,Yes,Don't know,Yes,No,No,Very easy,No,Yes,Some of them,Some of them,No,No,No,No,
2014-03-24,40,Male,United States,California,No,Yes,Yes,Rarely,500-1000,Yes,Yes,Don't know,No,Yes,Yes,Yes,Don't know,No,Don't know,Yes,No,No,Yes,Don't know,No,
2014-02-11,25,Non-binary,Other,Not applicable,No,No,No,Rarely,26-100,No,Yes,No,Yes,Don't know,Don't know,Don't know,Somewhat easy,Yes,No,Yes,Some of them,No,Maybe,No,Yes,
2014-04-11,21,Male,France,Not applicable,No,No,No,Rarely,26-100,Yes,Yes,No,Yes,Don't know,Don't know,Yes,Somewhat difficult,Don't know,No,No,No,No,Yes,Yes,Yes,
2014-01-06,30,Male,United States,Washington,No,No,No,Rarely,1000+,Yes,Yes,No,Don't know,Yes,Don't know,No,Somewhat easy,Don't know,No,Some of them,No,Maybe,Yes,Yes,No,
2014-06-29,35,Male,United States,Texas,No,Yes,No,Sometimes,1-5,No,Yes,Yes,Yes,Yes,No,No,Somewhat difficult,No,Don't know,No,No,No,Yes,Yes,Yes,
2014-10-09,30,Female,United Kingdom,Not applicable,No,Yes,Yes,Rarely,6-25,No,No,Yes,Don't know,No,No,No,Somewhat easy,No,Yes,Some of them,Yes,Maybe,Maybe,Yes,No,
2014-11-16,65,Male,Australia,Not applicable,No,No,No,Sometimes,500-1000,No,Yes,No,Yes,Yes,Yes,Don't know,Very difficult,No,No,Yes,No,No,Maybe,No,No,
2014-08-14,25,Non-binary,United States,Pennsylvania,No,No,No,Sometimes,1000+,No,No,No,Don't know,No,No,No,Very easy,Yes,No,Some of them,No,Yes,Yes,No,Yes,
2014-11-11,50,Male,India,Not applicable,Yes,Yes,Yes,Rarely,100-500,No,Yes,Yes,Yes,Yes,Don't know,Yes,Very difficult,Yes,No,Yes,Some of them,No,Maybe,Yes,No,
2014-12-31,60,Male,Germany,Not applicable,Yes,No,Yes,Sometimes,500-1000,No,Yes,No,No,Yes,Yes,Don't know,Very difficult,No,No,Some of them,No,Maybe,Yes,Yes,No,
2014-08-17,30,Male,United States,Washington,No,No,No,Sometimes,100-500,No,Yes,Yes,No,No,No,Don't know,Somewhat difficult,No,No,No,No,No,Maybe,No,Yes,
2014-10-16,21,Female,India,Not applicable,No,No,Yes,Rarely,1-5,Yes,Yes,Yes,No,Don't know,No,No,Very easy,Don't know,Yes,Some of them,No,Maybe,No,Don't know,Yes,
2014-05-30,21,Male,Other,Not applicable,No,Yes,No,Often,500-1000,No,No,Yes,Yes,Yes,Yes,No,Somewhat easy,Yes,Yes,No,No,No,Yes,No,Don't know,
2014-10-04,18,Non-binary,United States,Pennsylvania,Yes,No,Yes,Rarely,1000+,No,No,Yes,No,No,No,Yes,Very difficult,No,Yes,Yes,No,No,Yes,Don't know,Yes,
2014-07-17,30,Female,United States,Texas,Yes,Yes,No,Often,1000+,Yes,Yes,Don't know,No,Yes,Yes,No,Very easy,No,No,Some of them,Yes,Maybe,Yes,No,No,
2014-03-11,60,Male,Canada,Not applicable,No,No,No,Sometimes,1-5,No,Yes,Don't know,Yes,Yes,No,Yes,Very easy,No,No,Yes,Some of them,Maybe,Yes,Yes,Yes,
2014-04-22,55,Female,Netherlands,Not applicable,Yes,Yes,No,Sometimes,500-1000,No,Yes,Yes,Yes,Don't know,Yes,Yes,Somewhat difficult,Don't know,Yes,Yes,No,No,No,Yes,Yes,
2014-01-04,65,Female,Other,Not applicable,No,Yes,No,Often,100-500,No,Yes,No,No,No,Don't know,No,Somewhat easy,Don't know,No,Some of them,No,No,Yes,No,Yes,
2014-12-16,45,Male,Canada,Not applicable,No,Yes,No,Often,1-5,Yes,Yes,No,Yes,No,Yes,Yes,Somewhat easy,Yes,No,Yes,No,Yes,Maybe,No,No,
2014-11-27,60,Male,India,Not applicable,No,Yes,Yes,Sometimes,500-1000,No,Yes,Yes,No,No,Yes,Yes,Somewhat difficult,Yes,No,Yes,No,No,No,No,Yes,
2014-11-14,45,Non-binary,United Kingdom,Not applicable,Yes,No,Yes,Sometimes,6-25,No,No,Yes,Yes,Don't know,Yes,No,Somewhat easy,Yes,No,No,No,No,No,No,Yes,
2014-12-16,45,Male,United Kingdom,Not applicable,No,Yes,No,Rarely,100-500,No,Yes,Don't know,No,Don't know,Don't know,Yes,Very easy,No,No,Some of them,Yes,Yes,Yes,No,No,
2014-04-05,50,Female,United States,Florida,Yes,Yes,No,Sometimes,26-100,Yes,No,No,Yes,Yes,No,Yes,Somewhat difficult,Yes,No,Yes,Some of them,No,Maybe,Yes,Yes,
2014-06-01,18,Other,United States,New York,No,No,No,Never,100-500,No,No,Don't know,No,Yes,No,Yes,Somewhat easy,No,No,No,Yes,No,No,Don't know,Yes,
2014-11-07,60,Male,United States,Florida,No,Yes,No,Never,100-500,Yes,No,Yes,Yes,No,No,Yes,Somewhat difficult,Yes,No,No,No,Maybe,Maybe,No,Yes,
2014-05-17,60,Female,United Kingdom,Not applicable,No,Yes,Yes,Often,100-500,No,Yes,No,Yes,No,No,No,Very easy,No,Don't know,Some of them,Yes,No,Maybe,No,Yes,
2014-09-04,50,Male,United States,Texas,No,No,Yes,Never,100-500,Yes,Yes,Yes,Yes,Don't know,Yes,Don't know,Somewhat difficult,No,No,Some of them,No,No,Yes,No,No,
2014-08-31,30,Male,Other,Not applicable,No,No,No,Never,26-100,No,Yes,Yes,Don't know,No,No,No,Somewhat easy,No,No,Some of them,Yes,Maybe,Yes,No,Yes,
2014-01-31,30,Male,United States,Texas,No,No,No,Sometimes,500-1000,No,Yes,No,Yes,Don't know,Yes,No,Somewhat easy,No,No,No,No,Yes,No,Yes,Yes,
2014-02-09,30,Male,United States,Texas,No,No,No,Never,1000+,Yes,Yes,Yes,No,Yes,Don't know,Yes,Somewhat easy,Yes,Yes,No,No,No,Maybe,No,Don't know,
2014-08-17,40,Female,United Kingdom,Not applicable,No,No,No,Rarely,26-100,Yes,No,Yes,Yes,Don't know,No,Yes,Very easy,Yes,No,Yes,Yes,No,No,Yes,Don't know,
2014-02-05,45,Female,India,Not applicable,No,Yes,Yes,Sometimes,100-500,Yes,No,Yes,Yes,No,No,Yes,Very difficult,No,No,No,No,Yes,Yes,No,No,
2014-08-11,40,Female,United States,Pennsylvania,No,No,No,Sometimes,500-1000,Yes,No,Yes,No,Don't know,Yes,No,Somewhat easy,No,Yes,Some of them,Some of them,No,No,Yes,Don't know,
2014-01-06,18,Male,United States,Illinois,No,No,Yes,Sometimes,100-500,Yes,No,No,No,Yes,No,No,Somewhat difficult,Don't know,No,No,No,Yes,Yes,Yes,No,
2014-11-18,50,Male,Other,Not applicable,No,No,No,Sometimes,100-500,No,Yes,Yes,Don't know,No,Yes,No,Don't know,Don't know,Yes,Yes,Some of them,Yes,Yes,Yes,No,
2014-08-08,60,Female,United States,California,No,No,Yes,Sometimes,500-1000,No,Yes,Yes,Don't know,No,Yes,No,Somewhat difficult,Don't know,No,No,Some of them,Yes,No,No,No,
2014-03-16,65,Male,United States,New York,No,Yes,No,Sometimes,1-5,No,Yes,Yes,No,No,Yes,Yes,Somewhat easy,Yes,Yes,No,Some of them,Maybe,Yes,Don't know,No,
2014-01-04,45,Non-binary,France,Not applicable,No,No,Yes,Sometimes,100-500,No,Yes,Yes,No,No,No,No,Somewhat easy,No,Yes,No,Some of them,No,No,Yes,No,
2014-12-01,40,Female,United States,Florida,No,No,No,Sometimes,100-500,Yes,No,No,No,Don't know,No,No,Don't know,Yes,No,No,No,No,Maybe,No,Yes,
2014-05-14,40,Female,Canada,Not applicable,Yes,No,No,Often,1-5,Yes,Yes,Yes,Yes,No,Yes,No,Somewhat difficult,Yes,Don't know,No,Some of them,No,No,Yes,No,
2014-04-28,35,Non-binary,United States,Florida,No,Yes,No,Rarely,100-500,Yes,Yes,No,Don't know,No,Yes,No,Somewhat difficult,Yes,Yes,Yes,Some of them,No,Maybe,No,No,
2014-04-04,40,Male,United States,Washington,No,Yes,No,Rarely,500-1000,No,Yes,Yes,No,Yes,No,No,Somewhat easy,Yes,No,Some of them,Some of them,No,No,Yes,No,
2014-03-03,55,Female,United States,Pennsylvania,No,Yes,No,Never,500-1000,No,Yes,Yes,No,Don't know,No,Don't know,Very difficult,Yes,No,No,Yes,No,Yes,Yes,Yes,
2014-07-13,60,Male,United States,Texas,No,No,Yes,Sometimes,6-25,Yes,Yes,Don't know,Yes,No,Yes,Don't know,Somewhat difficult,No,No,Yes,Some of them,Yes,No,Yes,Yes,
2014-12-01,55,Non-binary,United States,Massachusetts,No,Yes,No,Never,1000+,Yes,No,No,Yes,No,Yes,No,Somewhat easy,Don't know,No,Yes,No,No,Maybe,Don't know,Yes,
2014-07-22,60,Male,United States,Texas,Yes,Yes,No,Sometimes,500-1000,No,Yes,Yes,Don't know,Yes,Don't know,No,Somewhat difficult,Yes,No,Some of them,No,Yes,Maybe,No,No,
2014-01-26,50,Female,Australia,Not applicable,No,No,Yes,Often,100-500,No,Yes,Don't know,Yes,No,Don't know,Yes,Somewhat easy,Don't know,No,Some of them,Yes,Yes,No,Yes,Yes,
2014-06-22,60,Non-binary,United States,Texas,Yes,Yes,Yes,Sometimes,26-100,No,Yes,Yes,No,Yes,Don't know,Don't know,Very easy,Yes,Yes,No,Yes,Maybe,Yes,Yes,Yes,
2014-10-27,55,Male,Canada,Not applicable,No,No,No,Rarely,100-500,Yes,Yes,Don't know,Yes,Yes,Don't know,No,Very difficult,Yes,Yes,Yes,Some of them,No,Yes,Yes,Yes,
2014-05-13,60,Male,Netherlands,Not applicable,No,Yes,No,Sometimes,1000+,No,Yes,No,Don't know,No,Yes,Yes,Very easy,No,No,Yes,No,No,Yes,Yes,Yes,
2014-11-22,50,Female,Germany,Not applicable,No,No,No,Rarely,100-500,No,No,No,Yes,Yes,Yes,No,Somewhat difficult,No,No,Yes,No,No,Maybe,No,No,
2014-04-28,50,Male,United States,Massachusetts,No,No,No,Sometimes,500-1000,No,Yes,Don't know,Don't know,Yes,Yes,Yes,Somewhat easy,Yes,No,No,Some of them,No,No,No,Don't know,
2014-11-20,18,Male,Other,Not applicable,No,No,Yes,Sometimes,100-500,No,Yes,Yes,Yes,No,Yes,No,Somewhat easy,Yes,No,No,Yes,No,Maybe,No,Yes,
2014-10-02,60,Male,United States,Florida,Yes,No,Yes,Never,100-500,No,Yes,No,Don't know,Yes,Don't know,No,Somewhat difficult,No,No,No,No,No,No,Yes,No,
2014-07-31,65,Male,United States,Washington,No,Yes,No,Often,26-100,Yes,Yes,Yes,No,No,No,Yes,Don't know,Yes,No,No,No,No,No,No,Yes,
2014-08-13,35,Non-binary,Australia,Not applicable,No,Yes,Yes,Rarely,500-1000,Yes,Yes,Yes,Yes,Yes,No,Yes,Somewhat easy,No,No,Yes,No,Maybe,Yes,Yes,Yes,
2014-01-20,30,Male,United Kingdom,Not applicable,No,Yes,No,Often,100-500,No,Yes,Yes,No,No,Yes,Don't know,Very easy,No,No,Yes,No,Maybe,Yes,Yes,No,
2014-04-23,21,Male,Canada,Not applicable,No,No,No,Never,6-25,No,Yes,Yes,Yes,No,Don't know,No,Somewhat difficult,Yes,No,No,Yes,No,No,No,No,
2014-05-20,50,Male,United States,California,No,No,Yes,Rarely,100-500,No,No,No,Yes,No,Don't know,Don't know,Somewhat easy,Don't know,No,Yes,Yes,Maybe,No,Yes,No,
2014-02-16,25,Male,United Kingdom,Not applicable,No,No,No,Never,1000+,No,Yes,No,Don't know,Yes,Yes,No,Very easy,Yes,No,Yes,No,No,Yes,No,Yes,
2014-01-01,30,Male,United States,Massachusetts,Yes,No,Yes,Never,500-1000,Yes,Yes,No,No,Yes,Don't know,No,Very easy,No,No,No,Some of them,No,No,Don't know,Don't know,
2014-03-31,45,Male,Other,Not applicable,No,Yes,No,Sometimes,26-100,No,Yes,Yes,Yes,Yes,Yes,No,Very easy,No,No,Some of them,No,Yes,Yes,Yes,Yes,
2014-05-22,60,Male,United States,Pennsylvania,No,No,Yes,Sometimes,1000+,Yes,Yes,Yes,Yes,No,Yes,Yes,Somewhat easy,Don't know,No,Some of them,Yes,No,No,Don't know,Yes,
2014-11-16,55,Male,Netherlands,Not applicable,Yes,No,No,Sometimes,1-5,No,No,Don't know,Yes,Don't know,No,Yes,Somewhat easy,No,No,Some of them,Yes,Maybe,Yes,Yes,Yes,
2014-02-07,21,Female,United Kingdom,Not applicable,No,Yes,Yes,Rarely,1-5,No,No,Yes,Don't know,Yes,No,Yes,Very easy,No,No,No,Some of them,No,No,Yes,No,
2014-10-20,25,Male,France,Not applicable,No,No,No,Rarely,6-25,No,Yes,No,Yes,Yes,Yes,Yes,Very difficult,Yes,Don't know,No,Some of them,No,Yes,No,Yes,
2014-05-19,30,Male,India,Not applicable,No,Yes,No,Sometimes,6-25,Yes,No,No,Don't know,Yes,Yes,Don't know,Very easy,No,No,Yes,No,Yes,No,No,Yes,
2014-12-22,60,Male,India,Not applicable,Yes,No,Yes,Rarely,6-25,No,No,No,Don't know,No,Don't know,Yes,Don't know,No,Don't know,Some of them,Yes,No,No,Yes,No,
2014-11-29,18,Male,United States,Illinois,No,No,No,Sometimes,500-1000,No,No,No,Yes,No,No,No,Somewhat difficult,Yes,No,Yes,No,No,No,No,Yes,
2014-09-16,45,Female,United States,New York,No,Yes,Yes,Sometimes,500-1000,Yes,Yes,Don't know,Yes,No,No,No,Very easy,Don't know,Don't know,Yes,No,No,Maybe,Don't know,Yes,
2014-06-10,21,Male,United States,Pennsylvania,No,No,No,Never,500-1000,No,Yes,Yes,Don't know,Don't know,Yes,Yes,Don't know,Yes,No,Yes,No,No,Yes,Yes,Yes,
2014-06-27,35,Non-binary,France,Not applicable,No,Yes,Yes,Sometimes,500-1000,No,Yes,Don't know,Yes,No,Yes,No,Somewhat easy,Don't know,Don't know,Some of them,No,No,Yes,Don't know,Yes,
2014-01-10,18,Female,France,Not applicable,No,No,No,Sometimes,500-1000,No,No,Yes,Yes,Yes,Yes,Yes,Somewhat easy,Don't know,Yes,Some of them,No,No,No,No,No,
2014-09-18,25,Male,Canada,Not applicable,No,No,Yes,Sometimes,26-100,No,Yes,Yes,Yes,Yes,Yes,No,Somewhat easy,No,Yes,Some of them,Some of them,No,No,Don't know,No,
2014-05-18,21,Female,United States,Massachusetts,No,Yes,No,Never,500-1000,Yes,Yes,Yes,No,No,Yes,Yes,Somewhat difficult,No,No,No,Yes,No,Yes,Yes,Yes,
2014-06-21,18,Male,United States,California,No,No,Yes,Rarely,100-500,No,Yes,No,No,No,Yes,No,Somewhat difficult,Yes,Don't know,No,Some of them,Yes,No,No,Yes,
2014-01-13,45,Male,Germany,Not applicable,No,No,No,Rarely,1000+,No,Yes,Yes,Yes,No,No,No,Very easy,Don't know,No,Some of them,No,Maybe,Yes,Yes,No,
2014-06-17,35,Male,Canada,Not applicable,No,Yes,Yes,Rarely,26-100,Yes,Yes,Yes,Yes,No,Yes,Don't know,Very easy,Yes,Yes,No,No,Yes,Yes,Don't know,No,
2014-05-10,18,Male,Australia,Not applicable,No,Yes,No,Rarely,1-5,Yes,No,Yes,Don't know,No,Don't know,Don't know,Somewhat difficult,No,No,Some of them,No,Yes,No,No,No,
2014-03-25,40,Non-binary,Other,Not applicable,No,No,No,Often,500-1000,Yes,Yes,Don't know,No,Don't know,Yes,No,Somewhat easy,No,No,Yes,No,Maybe,No,No,Yes,
2014-11-17,35,Female,United States,Florida,No,No,Yes,Sometimes,500-1000,Yes,No,Don't know,No,No,No,No,Very easy,Don't know,No,Yes,No,Maybe,No,Yes,Yes,
2014-11-15,25,Non-binary,Canada,Not applicable,No,Yes,No,Sometimes,26-100,No,Yes,No,No,No,Yes,No,Somewhat difficult,No,No,Some of them,No,No,No,Don't know,Don't know,
2014-04-11,45,Male,Canada,Not applicable,No,Yes,Yes,Rarely,100-500,No,Yes,No,No,Yes,No,No,Very difficult,No,Don't know,Yes,Yes,Yes,Maybe,No,No,
2014-11-25,65,Male,United States,Illinois,No,Yes,No,Often,1-5,No,Yes,Yes,No,No,Yes,Don't know,Somewhat easy,Yes,Don't know,Some of them,No,No,Yes,No,Yes,
2014-09-30,60,Male,United States,Illinois,No,No,No,Never,1000+,Yes,Yes,Yes,Yes,Don't know,Don't know,Yes,Somewhat easy,Yes,No,No,No,Maybe,No,No,Yes,
2014-09-22,55,Female,United States,Illinois,No,Yes,No,Sometimes,6-25,No,Yes,Don't know,Yes,No,No,No,Very difficult,Yes,No,Some of them,Yes,Maybe,Maybe,Don't know,Yes,
2014-02-07,55,Male,Netherlands,Not applicable,No,Yes,No,Often,1-5,No,Yes,Yes,No,No,No,No,Very easy,Don't know,No,Yes,Some of them,No,Yes,Yes,Yes,
2014-04-04,55,Prefer not to say,Canada,Not applicable,No,No,Yes,Sometimes,1-5,No,Yes,Yes,No,No,Yes,No,Somewhat difficult,No,No,No,Yes,No,Yes,Yes,Don't know,
2014-04-05,21,Male,Canada,Not applicable,No,No,No,Often,100-500,No,No,Yes,Don't know,Yes,No,Yes,Don't know,No,Yes,No,No,Yes,Maybe,Don't know,Don't know,
2014-11-01,25,Male,Other,Not applicable,No,Yes,Yes,Sometimes,6-25,No,Yes,Yes,Yes,No,No,No,Very difficult,No,No,No,Yes,Yes,Maybe,No,Yes,
2014-03-10,45,Female,Australia,Not applicable,No,No,No,Rarely,500-1000,No,Yes,Yes,Don't know,Yes,Yes,No,Very easy,No,No,No,No,No,Yes,Yes,Yes,
2014-11-14,35,Male,United States,Texas,No,No,No,Rarely,1000+,Yes,Yes,No,Don't know,Don't know,No,Don't know,Somewhat easy,Yes,Don't know,Some of them,No,Yes,Yes,Yes,No,
2014-08-24,21,Male,United Kingdom,Not applicable,No,Yes,No,Rarely,26-100,No,Yes,Yes,Yes,Don't know,Don't know,No,Very easy,Yes,Don't know,No,No,Maybe,Yes,Don't know,Yes,
2014-11-30,25,Female,Canada,Not applicable,No,Yes,Yes,Never,500-1000,No,Yes,No,No,Yes,No,Yes,Don't know,Yes,Yes,Yes,Yes,Yes,Yes,Yes,No,
2014-05-17,60,Male,Australia,Not applicable,No,No,Yes,Sometimes,1-5,No,Yes,Yes,No,Yes,Don't know,Yes,Don't know,No,Don't know,Some of them,Yes,No,No,No,No,
2014-03-17,40,Female,India,Not applicable,No,Yes,Yes,Rarely,100-500,No,Yes,Yes,Don't know,No,Don't know,Yes,Somewhat easy,Yes,No,Yes,No,Yes,No,Don't know,No,
2014-02-04,45,Male,India,Not applicable,No,No,Yes,Often,26-100,Yes,Yes,Yes,No,No,Don't know,No,Somewhat difficult,No,No,No,No,No,Maybe,Yes,No,
2014-01-01,55,Non-binary,United States,New York,No,No,Yes,Rarely,26-100,No,Yes,No,No,Yes,No,No,Very difficult,No,No,Yes,No,Yes,Yes,Don't know,No,
2014-10-23,18,Female,Australia,Not applicable,No,Yes,No,Sometimes,500-1000,No,No,Yes,No,No,No,Yes,Somewhat easy,No,No,Some of them,Yes,No,No,No,Don't know,
2014-11-16,65,Male,United States,Florida,No,Yes,No,Often,6-25,No,Yes,No,Yes,No,No,No,Very easy,Yes,No,Yes,Some of them,No,Yes,No,Yes,
2014-03-01,45,Male,United States,Florida,No,No,No,Rarely,1000+,Yes,Yes,No,Yes,Yes,No,No,Very easy,Yes,No,Yes,Yes,Yes,Yes,No,Don't know,
2014-11-16,50,Prefer not to say,United States,Illinois,No,No,No,Sometimes,500-1000,No,No,No,No,Don't know,Don't know,Yes,Somewhat easy,Yes,Yes,Some of them,Some of them,Maybe,No,No,Yes,
2014-12-15,25,Male,United States,Florida,No,No,Yes,Sometimes,500-1000,No,Yes,Yes,No,Don't know,Yes,Yes,Very difficult,No,No,Some of them,No,No,Yes,Yes,Yes,
2014-11-24,30,Non-binary,United States,New York,No,No,No,Rarely,1000+,No,Yes,Yes,No,No,No,Don't know,Don't know,Yes,No,Yes,No,Maybe,Yes,Yes,Yes,
2014-09-24,60,Male,France,Not applicable,Yes,Yes,Yes,Sometimes,1000+,Yes,Yes,Yes,No,Don't know,Yes,No,Very easy,Don't know,Yes,Some of them,No,Maybe,Maybe,Don't know,No,
2014-12-27,40,Male,Other,Not applicable,No,No,No,Rarely,100-500,Yes,Yes,No,Yes,Yes,Yes,No,Somewhat easy,No,No,Some of them,Some of them,Maybe,Yes,Yes,Yes,
2014-08-17,60,Female,United States,New York,No,No,No,Sometimes,100-500,No,Yes,Yes,No,Yes,Yes,No,Somewhat easy,Yes,No,Yes,No,Yes,No,Don't know,No,
2014-09-27,45,Non-binary,United States,Washington,No,No,Yes,Sometimes,26-100,Yes,Yes,Don't know,Yes,Yes,No,No,Very difficult,No,No,Some of them,No,Yes,Yes,Yes,No,
2014-11-12,30,Male,United States,Massachusetts,No,Yes,No,Sometimes,500-1000,No,No,Don't know,Don't know,No,Yes,No,Somewhat difficult,No,Yes,No,No,Maybe,Yes,No,Yes,
2014-10-13,50,Female,United States,Massachusetts,No,Yes,Yes,Sometimes,100-500,No,No,Yes,Don't know,Don't know,No,No,Somewhat difficult,No,Don't know,No,Some of them,No,No,Don't know,No,
2014-10-18,35,Male,United States,Washington,No,No,No,Rarely,1000+,No,Yes,Yes,No,No,No,Don't know,Somewhat difficult,Yes,No,No,No,No,No,Yes,Don't know,
2014-08-01,18,Male,Other,Not applicable,Yes,No,No,Sometimes,26-100,No,Yes,No,Yes,Don't know,Yes,Don't know,Very easy,Yes,Yes,No,Yes,No,No,Don't know,No,
2014-06-14,30,Female,United States,California,No,Yes,Yes,Often,26-100,Yes,Yes,Yes,Yes,No,Yes,No,Somewhat difficult,Yes,No,Yes,Yes,No,No,No,Yes,
2014-01-05,25,Female,Canada,Not applicable,No,Yes,No,Often,26-100,No,Yes,Yes,No,No,No,Yes,Don't know,Yes,No,Some of them,Yes,No,Maybe,No,Don't know,
2014-12-05,55,Non-binary,United States,Massachusetts,No,No,No,Sometimes,1000+,No,Yes,Don't know,No,No,No,No,Very easy,No,Yes,Yes,Yes,Maybe,No,No,No,
2014-03-19,50,Male,France,Not applicable,No,No,No,Rarely,6-25,No,Yes,Yes,No,Yes,Don't know,No,Somewhat difficult,No,No,No,Yes,No,Yes,Yes,Yes,
2014-03-03,18,Male,India,Not applicable,No,Yes,Yes,Often,100-500,No,Yes,Don't know,Yes,Yes,Don't know,No,Somewhat easy,Don't know,No,Yes,No,No,No,Yes,Yes,
2014-05-12,65,Male,Other,Not applicable,Yes,Yes,No,Rarely,100-500,No,Yes,No,No,No,Don't know,Yes,Somewhat difficult,Yes,No,Some of them,Yes,No,No,No,Yes,
2014-03-30,40,Male,Australia,Not applicable,No,Yes,Yes,Sometimes,1-5,Yes,No,No,No,No,No,Yes,Somewhat difficult,Yes,Yes,Yes,No,No,No,Yes,Don't know,
2014-08-25,55,Male,United States,New York,No,No,Yes,Never,100-500,No,Yes,Yes,Yes,No,Don't know,No,Somewhat difficult,No,Don't know,No,No,No,No,Yes,Yes,
2014-02-11,45,Female,United States,New York,No,No,Yes,Often,100-500,No,No,Yes,No,No,Don't know,Yes,Very difficult,Yes,No,No,Yes,Yes,Yes,Don't know,Yes,
2014-03-30,30,Male,India,Not applicable,No,No,Yes,Sometimes,1-5,No,No,No,Yes,Yes,Don't know,No,Somewhat easy,Yes,Don't know,Some of them,Yes,No,No,Don't know,Don't know,
2014-10-23,18,Non-binary,United States,Massachusetts,No,No,Yes,Sometimes,100-500,No,Yes,Yes,No,No,Yes,No,Somewhat difficult,No,Yes,No,Yes,No,No,No,Yes,
2014-11-24,21,Other,United Kingdom,Not applicable,No,Yes,No,Never,1000+,Yes,No,Yes,Don't know,No,Don't know,No,Very easy,Yes,No,Some of them,Yes,No,No,No,Don't know,
2014-10-22,35,Male,United States,New York,No,No,Yes,Sometimes,1000+,No,Yes,Yes,No,No,No,Yes,Very difficult,No,No,Yes,Some of them,Maybe,Maybe,No,Yes,
2014-04-14,65,Non-binary,United States,Washington,No,No,Yes,Sometimes,100-500,No,Yes,Yes,Don't know,Don't know,No,Yes,Somewhat easy,Yes,Yes,Yes,No,No,Maybe,No,No,
2014-01-14,35,Female,United Kingdom,Not applicable,No,Yes,Yes,Sometimes,100-500,Yes,Yes,Yes,No,No,Yes,Yes,Very difficult,No,No,No,Yes,No,No,No,Yes,
2014-10-15,50,Male,United Kingdom,Not applicable,No,Yes,No,Rarely,26-100,No,Yes,No,Yes,No,No,Yes,Somewhat easy,Don't know,No,Some of them,No,No,No,Don't know,Don't know,
2014-06-28,40,Male,India,Not applicable,No,No,No,Sometimes,1000+,Yes,Yes,Yes,No,Don't know,Yes,No,Very easy,Yes,Yes,Yes,Yes,No,No,Yes,No,
2014-05-05,50,Male,United States,Illinois,No,No,Yes,Never,26-100,No,Yes,Yes,No,Don't know,Yes,No,Very easy,Don't know,No,Yes,No,No,No,No,Don't know,
2014-12-19,21,Male,United Kingdom,Not applicable,No,Yes,Yes,Sometimes,100-500,Yes,Yes,No,Yes,Don't know,Yes,Yes,Don't know,No,No,Yes,No,No,Maybe,Don't know,No,
2014-01-23,25,Non-binary,United States,Illinois,No,No,Yes,Rarely,1-5,No,Yes,Don't know,Yes,Yes,Don't know,Yes,Somewhat easy,Don't know,Yes,No,No,Yes,No,No,Yes,
2014-03-04,40,Male,United States,Florida,No,No,Yes,Rarely,26-100,Yes,Yes,Yes,No,Yes,Yes,Yes,Very easy,Yes,Don't know,No,No,No,Yes,Don't know,Yes,
2014-05-23,60,Non-binary,Canada,Not applicable,No,Yes,Yes,Never,1-5,No,Yes,Yes,Yes,Yes,Yes,Don't know,Very easy,No,Don't know,Some of them,Yes,Maybe,No,Yes,Yes,
2014-06-02,25,Female,United States,Pennsylvania,Yes,Yes,No,Rarely,500-1000,No,Yes,No,Yes,Yes,Yes,No,Somewhat easy,Yes,No,Yes,No,Maybe,No,Yes,No,
2014-05-25,40,Male,United States,Pennsylvania,Yes,Yes,Yes,Never,100-500,Yes,Yes,Don't know,No,Don't know,No,Don't know,Very easy,No,No,Yes,Some of them,No,No,Don't know,Don't know,
2014-08-13,40,Prefer not to say,United States,Illinois,No,No,No,Often,100-500,No,Yes,No,Yes,No,Yes,Don't know,Somewhat difficult,No,No,Yes,Some of them,No,No,No,Yes,
2014-11-05,21,Male,United States,Texas,No,Yes,Yes,Sometimes,26-100,Yes,Yes,No,Don't know,Yes,Yes,No,Somewhat easy,No,No,No,Yes,Maybe,Yes,No,No,
2014-04-14,45,Male,United States,Washington,No,Yes,No,Rarely,1000+,No,No,Yes,Yes,Yes,No,No,Somewhat difficult,Don't know,Don't know,No,No,Maybe,Yes,Yes,Don't know,
2014-04-14,21,Female,United States,New York,No,No,No,Sometimes,1-5,No,Yes,No,No,Yes,No,Yes,Very easy,Yes,No,Yes,No,No,Yes,No,Yes,
2014-02-08,40,Male,United States,Massachusetts,No,No,No,Sometimes,26-100,No,Yes,Yes,No,No,Yes,No,Somewhat easy,Yes,No,Some of them,Some of them,No,No,No,Don't know,
2014-07-17,18,Male,United States,Illinois,No,Yes,No,Often,500-1000,No,Yes,No,No,No,Yes,Yes,Somewhat difficult,No,No,Yes,Yes,No,Yes,Yes,Yes,
2014-05-14,25,Male,Germany,Not applicable,No,No,No,Never,1000+,Yes,No,No,Yes,Don't know,Yes,Don't know,Very easy,No,No,No,No,Yes,No,No,No,
2014-03-08,21,Male,United States,Washington,No,No,No,Rarely,26-100,Yes,Yes,Don't know,Don't know,Don't know,Don't know,Yes,Somewhat easy,Yes,Don't know,No,Yes,No,Yes,No,Yes,
2014-06-28,45,Other,United States,Illinois,No,No,No,Often,100-500,No,Yes,Yes,No,Yes,No,No,Somewhat easy,No,No,Yes,No,No,Maybe,Yes,Yes,
2014-02-11,30,Male,United States,California,No,No,No,Rarely,100-500,Yes,Yes,Yes,Don't know,No,No,Yes,Somewhat easy,Don't know,No,Some of them,No,Maybe,Yes,No,Yes,
2014-01-15,50,Male,India,Not applicable,No,Yes,No,Never,1000+,No,Yes,No,Yes,Yes,Yes,Don't know,Somewhat difficult,No,No,Some of them,No,Maybe,Yes,No,Don't know,
2014-04-21,40,Male,Netherlands,Not applicable,No,No,No,Never,1-5,Yes,Yes,No,Yes,No,No,Yes,Somewhat difficult,Yes,No,No,Some of them,Yes,No,Yes,No,
2014-06-06,60,Non-binary,India,Not applicable,No,No,Yes,Never,100-500,No,Yes,No,No,Don't know,Yes,No,Somewhat difficult,Yes,No,No,No,No,Yes,No,Yes,
2014-10-16,30,Male,India,Not applicable,No,No,No,Often,6-25,Yes,No,Yes,Yes,No,Yes,No,Very easy,Don't know,Don't know,Yes,No,Yes,Maybe,Yes,Don't know,
2014-08-19,35,Male,Canada,Not applicable,No,No,Yes,Rarely,1-5,No,Yes,Yes,No,No,No,No,Somewhat easy,No,No,No,Yes,No,Yes,Yes,No,
2014-06-06,55,Male,India,Not applicable,No,No,Yes,Often,6-25,Yes,Yes,No,Yes,No,No,No,Somewhat easy,Don't know,No,Yes,No,Maybe,No,No,Don't know,
2014-02-07,45,Male,United Kingdom,Not applicable,Yes,Yes,No,Often,1000+,Yes,No,Yes,No,Yes,Yes,Don't know,Somewhat difficult,Yes,No,Some of them,No,No,Maybe,No,Yes,
2014-04-07,60,Female,United States,New York,No,No,Yes,Sometimes,26-100,No,Yes,Don't know,Don't know,Yes,No,Yes,Somewhat difficult,No,No,Yes,Yes,No,Yes,Don't know,Yes,
2014-10-16,55,Female,United States,California,Yes,No,No,Never,1000+,Yes,No,Yes,No,No,Don't know,Don't know,Somewhat easy,No,Don't know,Yes,Some of them,Yes,Yes,Yes,No,
2014-09-11,45,Male,United States,New York,No,No,Yes,Never,26-100,No,Yes,No,Don't know,No,No,No,Very difficult,Yes,No,Yes,Yes,No,Yes,No,Yes,
2014-07-15,18,Female,Other,Not applicable,No,Yes,No,Sometimes,1000+,No,No,No,No,Yes,No,Don't know,Very easy,No,Yes,Yes,No,No,No,Yes,Yes,
2014-03-27,50,Male,United Kingdom,Not applicable,No,No,No,Rarely,500-1000,Yes,Yes,No,No,No,Don't know,No,Don't know,No,No,No,Some of them,Yes,Yes,No,Yes,
2014-11-18,30,Other,India,Not applicable,No,No,No,Sometimes,6-25,No,No,Yes,Don't know,Don't know,Don't know,No,Very easy,No,No,Yes,Some of them,No,No,No,Yes,
2014-01-10,25,Other,United States,Washington,Yes,Yes,No,Rarely,100-500,No,No,Don't know,Don't know,No,No,Don't know,Very difficult,Don't know,Yes,Some of them,No,Yes,No,No,Yes,
2014-01-05,45,Male,Canada,Not applicable,No,No,No,Often,26-100,No,Yes,Yes,No,No,No,No,Somewhat easy,Don't know,Don't know,Yes,Yes,No,Maybe,Yes,Don't know,
2014-05-03,25,Non-binary,United States,Florida,No,No,No,Sometimes,100-500,No,Yes,No,Yes,No,Yes,No,Very difficult,Don't know,Don't know,No,Some of them,Maybe,Yes,Don't know,Yes,
2014-11-26,50,Female,United States,Illinois,No,No,No,Sometimes,100-500,No,Yes,Yes,No,No,No,Yes,Very easy,Don't know,No,No,Yes,Maybe,Yes,No,Yes,
2014-12-19,40,Male,France,Not applicable,Yes,No,Yes,Often,100-500,Yes,No,Yes,Yes,No,Yes,Yes,Somewhat easy,No,No,Some of them,Some of them,Maybe,Yes,Don't know,No,
2014-04-28,35,Male,Germany,Not applicable,No,No,No,Never,500-1000,Yes,Yes,Yes,No,Don't know,Yes,No,Somewhat easy,Yes,Don't know,Some of them,No,Maybe,No,Yes,No,
2014-10-21,30,Male,United States,Illinois,Yes,Yes,No,Rarely,500-1000,No,Yes,Yes,No,No,No,No,Don't know,Don't know,No,Some of them,No,Maybe,Yes,No,No,
2014-06-08,50,Female,Australia,Not applicable,No,No,No,Never,26-100,No,Yes,Don't know,Don't know,No,Yes,No,Don't know,No,Yes,Some of them,Yes,No,No,No,No,
2014-10-30,50,Other,United States,Texas,No,No,No,Never,1000+,Yes,Yes,Yes,Don't know,Yes,No,Yes,Very easy,Yes,Yes,No,No,No,No,No,Yes,
2014-08-16,18,Female,Other,Not applicable,No,No,No,Sometimes,1000+,No,Yes,No,No,Yes,No,No,Somewhat difficult,No,Yes,Some of them,Some of them,No,Yes,Yes,Yes,
2014-12-31,55,Non-binary,United States,Massachusetts,No,No,Yes,Rarely,1-5,No,No,Don't know,Yes,No,No,No,Somewhat difficult,Yes,Yes,Some of them,Some of them,Maybe,No,Don't know,No,
2014-08-04,35,Male,United States,California,Yes,No,Yes,Rarely,1-5,Yes,Yes,Yes,Don't know,Don't know,Yes,No,Very easy,No,No,Yes,Yes,Yes,Yes,Yes,Don't know,
2014-07-03,30,Female,United States,Illinois,No,Yes,Yes,Often,100-500,Yes,No,No,Yes,No,Yes,Don't know,Very easy,Yes,No,No,Some of them,Yes,Yes,Yes,No,
2014-01-15,40,Female,United States,Washington,No,No,No,Never,100-500,No,Yes,Yes,No,Yes,No,No,Don't know,Yes,Yes,Yes,Yes,Maybe,Yes,No,Yes,
2014-06-06,40,Male,United States,Florida,No,Yes,No,Sometimes,26-100,Yes,Yes,Yes,Yes,Yes,Don't know,Yes,Somewhat difficult,Don't know,Yes,No,No,Yes,Yes,No,Yes,
2014-05-16,21,Male,Germany,Not applicable,No,Yes,Yes,Never,26-100,Yes,Yes,Yes,Yes,No,Yes,Don't know,Very easy,No,No,No,No,Maybe,No,No,Yes,
2014-09-18,50,Female,Netherlands,Not applicable,No,Yes,No,Rarely,500-1000,Yes,Yes,Don't know,Don't know,Yes,Yes,No,Somewhat easy,No,No,No,Yes,No,No,No,No,
2014-06-06,45,Male,Australia,Not applicable,No,No,No,Sometimes,500-1000,No,No,Yes,Yes,Yes,Don't know,No,Somewhat easy,No,No,No,Yes,No,Yes,No,Yes,
2014-02-16,18,Female,United States,Massachusetts,No,Yes,No,Often,6-25,No,No,No,No,No,Yes,Yes,Somewhat difficult,Don't know,Yes,Some of them,No,No,Maybe,No,Yes,
2014-11-20,35,Male,United Kingdom,Not applicable,No,Yes,Yes,Rarely,1000+,Yes,Yes,No,Yes,Yes,Don't know,No,Somewhat easy,No,No,No,No,Maybe,No,No,Yes,
2014-11-28,40,Male,United States,Washington,No,Yes,Yes,Never,500-1000,Yes,Yes,Don't know,Don't know,No,No,Yes,Somewhat difficult,No,Don't know,Some of them,Yes,No,Yes,Don't know,Yes,
2014-06-22,30,Female,United States,California,No,Yes,Yes,Rarely,100-500,No,Yes,Yes,Don't know,No,No,No,Very easy,Don't know,No,Yes,No,No,Yes,Don't know,Yes,
2014-05-10,21,Male,Germany,Not applicable,No,No,Yes,Never,500-1000,No,No,No,Yes,Yes,Yes,Yes,Somewhat easy,Yes,No,No,Some of them,Maybe,No,No,Yes,
2014-04-05,30,Male,United Kingdom,Not applicable,No,No,Yes,Rarely,6-25,No,No,No,Yes,No,Yes,Yes,Very easy,Don't know,Don't know,No,No,No,Maybe,Yes,No,
2014-04-25,18,Male,United States,Texas,Yes,Yes,Yes,Sometimes,100-500,No,No,No,No,No,Yes,Yes,Very difficult,Yes,Yes,Yes,Yes,Yes,No,Don't know,Yes,
2014-08-31,45,Non-binary,United States,Illinois,No,No,No,Never,6-25,No,Yes,Don't know,Yes,No,Don't know,Yes,Very easy,No,Don't know,No,Yes,No,Maybe,Yes,No,
2014-10-19,21,Male,Other,Not applicable,No,No,Yes,Sometimes,1-5,Yes,Yes,Don't know,No,No,No,Yes,Very difficult,Yes,No,No,No,No,No,Yes,Yes,
2014-10-09,21,Non-binary,United States,Washington,No,No,No,Sometimes,26-100,No,Yes,Yes,Yes,No,No,No,Somewhat easy,No,No,No,No,Yes,No,Yes,Yes,
2014-10-26,55,Male,Canada,Not applicable,No,Yes,Yes,Rarely,6-25,No,Yes,Yes,Yes,Don't know,No,Yes,Somewhat difficult,No,No,No,No,No,No,Yes,No,
2014-10-10,35,Prefer not to say,United Kingdom,Not applicable,No,No,Yes,Never,500-1000,No,Yes,Yes,No,No,Yes,No,Somewhat easy,Don't know,No,No,Some of them,No,No,Don't know,Yes,
2014-03-10,21,Other,United States,Massachusetts,No,Yes,No,Often,500-1000,No,Yes,Yes,Yes,No,No,Yes,Somewhat difficult,Don't know,No,Yes,No,Maybe,Yes,No,No,
2014-05-28,65,Male,United States,New York,No,Yes,Yes,Rarely,6-25,Yes,Yes,Yes,Don't know,Yes,No,Don't know,Very difficult,Don't know,No,No,Yes,No,Maybe,Don't know,No,
2014-01-11,55,Male,United States,Florida,No,Yes,No,Sometimes,1-5,Yes,No,Yes,Yes,Yes,No,Don't know,Somewhat easy,Yes,No,Yes,Some of them,No,Yes,Yes,No,
2014-09-11,55,Male,Australia,Not applicable,No,No,Yes,Rarely,500-1000,No,No,Yes,Yes,Yes,Yes,Yes,Somewhat easy,Don't know,Yes,Yes,No,No,No,No,Yes,
2014-11-26,18,Male,United Kingdom,Not applicable,Yes,Yes,No,Sometimes,1-5,No,Yes,Don't know,Don't know,No,No,No,Somewhat difficult,No,No,Yes,No,Maybe,No,Don't know,Yes,
2014-12-26,65,Male,Germany,Not applicable,No,Yes,No,Rarely,26-100,No,Yes,Yes,No,Yes,Don't know,Yes,Very easy,Don't know,No,Yes,Some of them,No,No,Don't know,No,
2014-02-07,25,Male,Other,Not applicable,Yes,Yes,No,Rarely,100-500,No,Yes,Don't know,No,No,No,Don't know,Somewhat difficult,Yes,No,Yes,Some of them,No,Yes,No,Yes,
2014-05-14,30,Male,Australia,Not applicable,No,No,No,Never,1000+,Yes,No,Yes,Yes,No,Yes,No,Very easy,No,Yes,Yes,No,Maybe,No,Yes,Yes,
2014-07-19,45,Male,Canada,Not applicable,No,No,No,Rarely,1000+,Yes,No,No,No,Yes,No,Yes,Somewhat difficult,Don't know,Yes,Yes,Yes,No,No,No,No,
2014-01-23,60,Male,Canada,Not applicable,No,Yes,No,Often,500-1000,No,No,Don't know,No,No,Yes,Yes,Somewhat difficult,Don't know,No,No,Some of them,Yes,No,Yes,Yes,
2014-10-30,30,Male,Germany,Not applicable,No,No,No,Sometimes,26-100,Yes,No,Yes,Yes,No,No,Yes,Very easy,No,No,Yes,No,No,No,No,Yes,
2014-12-12,21,Prefer not to say,India,Not applicable,No,No,Yes,Never,500-1000,No,Yes,Yes,Don't know,Yes,Don't know,No,Somewhat difficult,No,Yes,No,No,No,No,No,No,
2014-10-29,45,Male,United Kingdom,Not applicable,No,No,Yes,Sometimes,26-100,Yes,Yes,Yes,No,No,No,No,Somewhat easy,Yes,Don't know,Some of them,No,Yes,Yes,No,Don't know,
2014-12-29,40,Male,Germany,Not applicable,No,Yes,No,Often,26-100,No,Yes,Yes,Yes,No,No,No,Somewhat easy,No,No,Some of them,No,No,Maybe,No,Don't know,
2014-08-06,25,Male,United States,Massachusetts,No,No,No,Sometimes,100-500,No,Yes,Don't know,No,No,No,No,Somewhat easy,No,No,Yes,Some of them,No,No,No,Yes,
2014-05-21,40,Female,Canada,Not applicable,No,Yes,No,Never,500-1000,No,No,Don't know,No,Yes,Yes,Yes,Somewhat difficult,Yes,Yes,Some of them,No,Maybe,Yes,Yes,No,
2014-04-14,65,Non-binary,United States,Washington,No,No,Yes,Often,1-5,Yes,Yes,Yes,Yes,No,Yes,Yes,Very easy,Yes,No,Yes,Some of them,No,Yes,No,Yes,
2014-07-29,40,Non-binary,United States,Florida,No,Yes,No,Rarely,1-5,No,Yes,Yes,No,Don't know,Don't know,Yes,Don't know,Yes,No,Yes,Some of them,No,Yes,No,Yes,
2014-04-21,35,Other,United States,Illinois,No,Yes,Yes,Sometimes,500-1000,No,Yes,Yes,Yes,No,No,Don't know,Somewhat difficult,No,Don't know,Some of them,Some of them,No,No,Yes,No,
2014-04-14,30,Male,Germany,Not applicable,No,Yes,No,Sometimes,1000+,No,No,Yes,No,Yes,Yes,Yes,Very easy,Yes,No,Some of them,No,No,Maybe,Yes,Yes,
2014-11-12,60,Female,United Kingdom,Not applicable,No,No,Yes,Often,500-1000,Yes,Yes,No,No,No,Yes,No,Very difficult,No,No,No,Some of them,No,No,Yes,Yes,
2014-06-20,18,Female,United States,New York,No,Yes,No,Often,100-500,Yes,Yes,Yes,No,No,No,Yes,Somewhat easy,Yes,Don't know,No,No,No,Maybe,No,Don't know,
2014-12-22,60,Male,Canada,Not applicable,No,No,Yes,Often,1000+,Yes,Yes,No,Don't know,No,No,Yes,Somewhat difficult,No,Yes,No,Yes,No,Yes,Don't know,No,
2014-11-20,40,Other,Canada,Not applicable,No,Yes,No,Never,500-1000,Yes,Yes,Yes,Yes,No,Don't know,No,Somewhat easy,No,Yes,Yes,Some of them,Maybe,No,Yes,No,
2014-05-13,21,Male,United States,Texas,No,No,No,Often,100-500,No,Yes,Yes,No,No,Yes,No,Somewhat difficult,No,No,Yes,No,Maybe,Yes,No,Don't know,
2014-10-20,25,Female,Germany,Not applicable,No,No,No,Never,26-100,No,No,No,No,Don't know,Don't know,No,Somewhat difficult,No,Yes,No,Yes,No,Yes,No,No,
2014-11-24,50,Male,Australia,Not applicable,No,No,No,Rarely,6-25,Yes,Yes,Yes,No,No,No,No,Somewhat difficult,No,Yes,Some of them,Yes,Maybe,No,Yes,Yes,
2014-05-07,60,Male,Australia,Not applicable,No,No,No,Sometimes,100-500,Yes,No,Don't know,No,No,No,No,Somewhat easy,Yes,No,Yes,Yes,No,Yes,Don't know,No,
2014-04-16,40,Female,Germany,Not applicable,No,No,No,Sometimes,26-100,Yes,Yes,Don't know,Yes,Yes,No,Yes,Somewhat easy,Don't know,No,Some of them,No,No,No,No,Yes,
2014-04-02,25,Male,United Kingdom,Not applicable,No,Yes,No,Sometimes,26-100,No,Yes,Yes,Yes,Don't know,Yes,No,Somewhat easy,Yes,No,Yes,No,No,No,Don't know,Yes,
2014-10-14,45,Male,United States,Massachusetts,No,No,Yes,Sometimes,100-500,No,No,Yes,Yes,Don't know,Don't know,No,Very easy,Yes,Don't know,No,Yes,Maybe,No,Yes,No,
2014-02-20,30,Male,United States,Texas,No,Yes,No,Often,6-25,No,Yes,Don't know,Don't know,Yes,Yes,Yes,Somewhat easy,No,No,No,Some of them,No,Yes,Yes,Yes,
2014-01-29,55,Female,United States,New York,No,No,No,Rarely,1000+,No,Yes,Don't know,Yes,No,Yes,No,Somewhat difficult,Yes,Yes,No,Yes,No,No,Yes,Yes,
2014-10-23,35,Male,Other,Not applicable,Yes,No,Yes,Rarely,6-25,No,No,Don't know,Don't know,Yes,Don't know,Yes,Very difficult,Don't know,Yes,Yes,No,Maybe,Maybe,Yes,Yes,
2014-10-24,25,Male,United States,Florida,No,Yes,Yes,Often,100-500,Yes,Yes,Yes,No,No,No,Yes,Somewhat easy,Yes,Yes,No,No,No,Maybe,Don't know,Yes,
2014-08-02,21,Non-binary,United States,Illinois,No,Yes,No,Never,500-1000,Yes,No,Don't know,Yes,No,Don't know,No,Somewhat easy,No,Yes,No,No,No,No,Yes,Don't know,
2014-09-24,65,Female,Netherlands,Not applicable,No,No,Yes,Sometimes,100-500,No,Yes,Yes,No,Yes,No,Don't know,Very difficult,Yes,Yes,Yes,No,Yes,No,No,No,
2014-09-14,21,Male,Other,Not applicable,No,No,No,Sometimes,100-500,No,Yes,No,Don't know,Don't know,No,Don't know,Very difficult,Yes,No,Yes,No,No,No,Yes,No,
2014-10-29,25,Female,Australia,Not applicable,No,No,Yes,Sometimes,100-500,Yes,Yes,Don't know,Don't know,Yes,Don't know,Yes,Somewhat easy,Yes,No,No,Some of them,Maybe,No,Don't know,No,
2014-04-11,21,Female,United States,Washington,No,No,No,Sometimes,1000+,Yes,No,Yes,Yes,No,Yes,No,Very easy,Don't know,No,No,Yes,No,No,No,No,
2014-12-12,30,Non-binary,United States,New York,No,No,No,Never,1000+,Yes,Yes,Don't know,Yes,No,Don't know,No,Somewhat difficult,Don't know,Don't know,Yes,Some of them,No,No,No,No,
2014-04-20,21,Male,United States,California,No,No,No,Often,500-1000,No,No,Yes,Yes,No,Yes,Yes,Very difficult,No,No,No,No,No,No,Yes,No,
2014-07-01,60,Male,United States,Florida,Yes,Yes,No,Never,500-1000,No,No,Don't know,Yes,Yes,Don't know,No,Very easy,Don't know,No,Some of them,No,Yes,No,No,Don't know,
2014-11-09,55,Male,United States,Texas,No,Yes,No,Rarely,1-5,No,Yes,Yes,No,Yes,Yes,No,Somewhat difficult,No,Yes,Yes,No,No,Yes,Yes,Don't know,
2014-01-01,21,Male,Canada,Not applicable,No,No,No,Never,1000+,Yes,Yes,Don't know,Don't know,No,No,Don't know,Somewhat difficult,Don't know,No,No,Yes,No,No,Yes,Don't know,
2014-11-15,55,Male,Other,Not applicable,No,No,Yes,Sometimes,1000+,Yes,Yes,Yes,Yes,No,Don't know,Yes,Somewhat easy,Don't know,No,Yes,No,No,Yes,No,No,
2014-02-24,40,Male,United States,Massachusetts,Yes,No,Yes,Sometimes,100-500,Yes,Yes,No,No,Yes,No,Yes,Somewhat difficult,Yes,Yes,Yes,Some of them,Yes,Yes,Don't know,Don't know,
2014-05-29,18,Male,India,Not applicable,No,No,Yes,Often,500-1000,No,Yes,No,No,Yes,No,Don't know,Somewhat easy,No,No,Yes,Yes,No,Yes,Don't know,Yes,
2014-11-05,30,Male,Germany,Not applicable,No,Yes,No,Sometimes,100-500,No,Yes,Yes,Yes,Yes,Don't know,No,Somewhat difficult,No,No,No,No,No,Yes,No,Don't know,
2014-05-17,18,Male,United States,New York,No,No,Yes,Sometimes,26-100,No,No,Yes,Yes,No,No,Don't know,Somewhat difficult,Yes,Yes,Some of them,No,No,No,No,Don't know,
2014-07-21,40,Non-binary,Germany,Not applicable,Yes,Yes,Yes,Often,1000+,Yes,No,No,No,No,Don't know,Yes,Somewhat easy,Yes,Don't know,Yes,No,No,No,Don't know,Don't know,
2014-11-09,30,Male,United States,Texas,No,Yes,No,Sometimes,100-500,No,No,Yes,Don't know,Yes,No,No,Somewhat difficult,Don't know,Don't know,No,Yes,Maybe,Yes,No,No,
2014-04-27,25,Male,United States,Florida,No,No,No,Sometimes,100-500,No,No,No,No,No,Yes,No,Somewhat difficult,Don't know,No,No,No,No,No,No,Yes,
2014-06-03,25,Female,India,Not applicable,No,Yes,No,Sometimes,500-1000,No,Yes,Yes,Yes,Yes,Yes,Yes,Don't know,No,No,Yes,Some of them,Maybe,Yes,Don't know,Yes,
2014-10-18,55,Male,United States,Texas,No,No,Yes,Rarely,1000+,No,Yes,Don't know,Yes,Don't know,Yes,No,Somewhat easy,Don't know,No,No,Yes,Maybe,No,Yes,Yes,
2014-03-04,40,Female,Other,Not applicable,No,No,Yes,Often,500-1000,No,No,Yes,Yes,Don't know,Yes,No,Very easy,Don't know,No,Some of them,No,Yes,No,Yes,No,
2014-09-01,55,Female,United States,New York,No,No,No,Never,26-100,No,Yes,Yes,No,No,No,Yes,Don't know,Yes,Yes,Some of them,No,Yes,Maybe,No,Yes,
2014-01-25,35,Male,Germany,Not applicable,Yes,Yes,Yes,Sometimes,100-500,Yes,No,Yes,No,Don't know,Yes,Yes,Somewhat difficult,Yes,No,Some of them,No,No,Yes,Yes,Yes,
2014-03-31,21,Female,Canada,Not applicable,No,Yes,No,Sometimes,1000+,Yes,Yes,Yes,Yes,Don't know,Yes,No,Don't know,Yes,Don't know,Yes,No,No,No,No,No,
2014-03-16,50,Male,United States,Florida,Yes,Yes,No,Often,100-500,Yes,Yes,Yes,Don't know,Don't know,Yes,No,Very easy,Yes,No,Some of them,No,No,Maybe,No,No,
2014-10-21,35,Male,United States,California,No,No,No,Often,1000+,No,No,Yes,No,No,Don't know,Don't know,Somewhat easy,Yes,Don't know,Yes,Yes,No,Maybe,No,Don't know,
2014-07-29,21,Male,Germany,Not applicable,No,No,Yes,Sometimes,1000+,No,No,Don't know,No,No,No,Yes,Very easy,No,Don't know,No,Some of them,No,Yes,Don't know,No,
2014-12-13,30,Male,Australia,Not applicable,No,No,No,Sometimes,500-1000,Yes,Yes,No,Don't know,Yes,No,Yes,Very difficult,Don't know,No,Some of them,Some of them,Yes,No,Yes,No,
2014-01-17,55,Non-binary,France,Not applicable,Yes,Yes,No,Rarely,26-100,No,No,No,Yes,No,Don't know,Don't know,Very difficult,Don't know,No,Yes,Yes,Maybe,Yes,No,No,
2014-05-08,30,Male,Canada,Not applicable,No,No,No,Sometimes,26-100,No,Yes,Yes,Don't know,No,Yes,Don't know,Somewhat difficult,No,Yes,No,No,No,No,Yes,No,
2014-12-30,30,Male,Australia,Not applicable,No,Yes,Yes,Often,500-1000,No,Yes,No,Yes,Yes,Don't know,Yes,Very easy,Don't know,No,No,No,Maybe,Yes,No,Yes,
2014-09-08,21,Male,India,Not applicable,No,Yes,Yes,Often,100-500,No,No,Yes,Yes,Yes,No,No,Very easy,No,No,No,Some of them,Yes,No,No,Yes,
2014-06-28,40,Male,India,Not applicable,Yes,No,Yes,Often,500-1000,No,Yes,No,Don't know,No,Yes,Yes,Somewhat difficult,Don't know,Yes,Yes,Some of them,No,Yes,No,Don't know,
2014-07-01,65,Male,Canada,Not applicable,Yes,No,No,Never,500-1000,Yes,Yes,Yes,Don't know,Yes,No,Yes,Somewhat difficult,No,No,Some of them,Some of them,No,No,Yes,No,
2014-06-01,21,Male,Germany,Not applicable,No,Yes,No,Often,26-100,Yes,Yes,Yes,No,No,No,Yes,Somewhat difficult,Yes,No,No,Yes,Maybe,No,No,No,
2014-01-25,45,Female,Australia,Not applicable,No,Yes,No,Often,500-1000,No,Yes,Yes,No,Don't know,No,Yes,Somewhat easy,Don't know,No,Yes,Some of them,Yes,Maybe,No,Yes,
2014-06-29,25,Male,United States,New York,No,No,No,Rarely,100-500,Yes,Yes,Don't know,No,No,Don't know,Don't know,Somewhat easy,Yes,Yes,Yes,Some of them,No,No,Yes,Yes,
2014-07-17,25,Male,Australia,Not applicable,Yes,Yes,No,Sometimes,26-100,Yes,Yes,Yes,Don't know,No,Yes,No,Very easy,No,Yes,Some of them,No,Maybe,Yes,No,No,
2014-12-10,35,Male,Germany,Not applicable,No,Yes,No,Sometimes,100-500,No,Yes,No,Yes,No,Yes,Don't know,Somewhat difficult,Yes,No,Yes,No,No,Yes,No,Yes,
2014-06-10,25,Male,United States,Washington,No,No,No,Sometimes,1000+,No,No,Yes,Don't know,No,Yes,No,Somewhat easy,No,Don't know,Yes,No,No,Yes,Don't know,Yes,
2014-06-26,21,Non-binary,United States,Pennsylvania,No,No,Yes,Often,100-500,No,Yes,No,No,Yes,Yes,No,Don't know,Don't know,No,No,No,Maybe,No,Don't know,Yes,
2014-10-12,60,Male,United States,Illinois,No,No,No,Sometimes,26-100,Yes,No,Don't know,No,Don't know,Yes,No,Somewhat difficult,Yes,No,No,Yes,Maybe,No,No,No,
2014-03-04,55,Male,United Kingdom,Not applicable,Yes,No,Yes,Sometimes,100-500,No,Yes,Yes,No,Yes,Don't know,Don't know,Somewhat easy,Don't know,No,No,Yes,No,No,Don't know,No,
2014-05-30,21,Male,France,Not applicable,Yes,No,No,Sometimes,26-100,Yes,Yes,Yes,No,Yes,Yes,No,Somewhat easy,Yes,No,No,Yes,No,Yes,No,Don't know,
2014-06-03,65,Female,United States,New York,Yes,Yes,No,Sometimes,100-500,Yes,Yes,Don't know,Don't know,No,No,No,Don't know,Yes,Yes,Some of them,No,Maybe,No,Don't know,No,
